mmsi,imo,call_sign,vessel_name,former_name,flag_state,last_active_date,change_date
416064900,,,,,Taiwan,,
273332299,,,,,Russia,,
273332291,,,,,Russia,,
412699340,,,,,China,,
412440033,,,,,China,,
371118580,,,,,Panama,,
432661000,,,,,Japan,,
273851400,,,,,Russia,,
310746848,,,,,Bermuda,,
413554170,,BEAQ,XIN CHEN GUANG 23,,China,1/2/2017,
548401400,,,,,Philippines,,
351219000,,,,,Panama,,
667003111,,,,,Sierra Leone,,
273332326,,,,,Russia,,
224500000,,,,,Spain,,
412553010,,,,,China,,
249889000,,,,,Malta,,
416542000,,BEOZ,HER WEN NO.1,,Taiwan,12/8/2016,
412551380,,BEBH,LE YANG 6,,China,12/10/2016,
273347980,,UADD4,ROSSLAU,,Russia,10/18/2016,
416730000,,BI2037,LIAN JYI HSING,,Taiwan,12/8/2016,
413270220,,BZZX6,JIN SHENG N0.1,,China,1/2/2017,
510021000,,V6P07,ASIA STAR,,Micronesia,1/2/2017,
412692990,,BZVM4,HAI WANG LENG HAO,,China,1/2/2017,
366971230,,WBM7130,HALLO BAY,,USA,6/24/2014,
200001140,,BZ1UR,FU YUAN YU F86,,Unknown,12/24/2016,
413692650,,BZ9UQ,FU YUAN YU F76,,China,1/6/2016,
416171700,,BI2552,HSIEN HUA NO.107,,Taiwan,9/16/2016,
367545050,5007510,WDG5284,AKUTAN,,USA,10/6/2016,
366299000,5290911,WRJG,INDEPENDENCE,,USA,1/2/2017,
,5296795,HP5007,BLISSFUL REEFER,,Panama,10/2/2013,
334640000,5296795,HQXO8,BLISSFUL REEFER,BLISSFUL REEFER,Honduras,1/6/2016,10/2/2013
355357000,6400563,HO5625,BRILLIANT REEFER,,Panama,8/3/2016,
355082000,6664652,HP4912,SUTTY REEFER,,Panama,5/11/2016,
416696000,6811932,BZKU,FU JYI,,Taiwan,10/21/2013,
273432530,6900068,UCVU,GUTSUL,,Russia,12/7/2016,
416788000,6908113,BZFN,CHANG CHING NO.1,,Taiwan,1/2/2017,
567451000,6908993,HSB4649,SEAVIC AREMAR,,Thailand,12/31/2016,
567006700,7006376,HSB2233,SILVER SEA 3,,Thailand,4/19/2015,
367014560,7051450,WDC3811,BALAENA,,USA,1/2/2017,
567115000,7116896,HSB2346,FERNANDO,,Thailand,8/29/2016,
416521000,7302031,BZCO,YONG MAN SHUN,,Taiwan,1/2/2017,
352135000,7302299,T3MY,WIN UNI,,Panama,4/11/2013,
529120000,7302299,T3MY,WIN UNI,WIN UNI,Kiribati,12/19/2016,4/11/2013
416567000,7305722,BEGE,LIAN CHUAN SHENG 66,,Taiwan,12/8/2016,
367176240,7308542,WDD6685,SEA ERN,,USA,9/3/2016,
416861000,7323396,BEAP,SHUN TIAN FA 168,,Taiwan,9/10/2013,
416602000,7323396,BZEJ,SHUN TIAN FA 168,SHUN TIAN FA 168,Taiwan,12/8/2016,9/10/2013
416778000,7332713,BECS,WIN SHUEN SHING,,Taiwan,12/21/2016,
529092000,7352804,T3LU,BIG SUN NO.3,,Kiribati,4/23/2013,
341095000,7359278,V4JW2,SUNNY LISA,,Saint Kitts Nevis,12/23/2016,
377036000,7368621,J8B3225,SERVIS,,Saint Vincent Grenadines,8/26/2015,
412440560,7375026,BWIA,TIAN YUAN 3,,China,,
412660230,7379412,BSST,HAI FENG 830,,China,,
273434080,7379553,UEPQ,NADEZHDA,,Russia,12/7/2016,
312097000,7507033,V3JL2,ALASKA,,Belize,9/26/2013,
567188000,7508336,HSB2752,SERENE REEFER,,Thailand,12/31/2016,
273219900,7604403,UHTA,ARCTIC PRINCESS,,Russia,12/5/2016,
356134000,7614271,3EJR7,LIAN RUN,,Panama,11/30/2013,
515887000,7614812,XUJW9,KAMANGA,,Cambodia,6/18/2016,
355855000,7625500,3FRF5,MONTELAURA,,Panama,12/18/2016,
375497000,7632278,J8B4372,BALTIC SKY,,Saint Vincent Grenadines,7/10/2015,
567293000,7635878,HSB3203,MISSOURI REEFER,,Thailand,12/14/2016,
334622000,7637527,HQXM3,NEW SEA REEFER,WISDOM SEA REEFER,Honduras,4/6/2016,12/6/2015
334674000,7637527,HQXQ4,WISDOM SEA REEFER,,Honduras,12/6/2015,
567255000,7637539,HSB3070,S LEELAWADEE,,Thailand,12/15/2016,
567487000,7637553,HSB4831,SEA NETWORK,,Thailand,1/22/2016,
567266000,7637565,HSB3066,NEW STREAM,,Thailand,12/5/2016,
567231000,7637589,HSB2993,SILVER SEA LINE 3,,Thailand,1/20/2016,
334567000,7637591,HQXO6,CHAINAVEE REEFER,CHAINAVEE REEFER,Honduras,9/6/2016,10/9/2013
355069000,7637591,H9XR,CHAINAVEE REEFER,,Panama,10/9/2013,
273511500,7642663,UFNO,GiBRALTAR,,Russia,11/24/2016,
273317810,7700087,UCTB,CANOPUS,,Russia,12/30/2016,
273313950,7700099,UHVP,SIRIUS,,Russia,12/30/2016,
273441670,7700116,UDOW,JUPITER,,Russia,12/27/2016,
352545000,7710276,3FUH5,MONTECRUZ,,Panama,12/30/2016,
366577000,7710745,KGCJ,R.M. THORSTENSON,,USA,1/2/2017,
334980000,7713228,HQXQ9,SUTTI REEFER,,Honduras,8/26/2016,
334980000,7713228,HQXQ9,BMW PRINCESA,SUTTI REEFER,Honduras,9/3/2016,8/26/2016
567391000,7713230,HSB4501,PATSORN,,Thailand,6/9/2016,
312022000,7713242,V3QW5,FRIO CONFIDANZE,,Belize,9/19/2016,
214182223,7719595,ERVW,AQUAMARINE,AQUAMARINE,Moldova,9/2/2016,1/27/2014
341092000,7719595,V4DO,AQUAMARINE,,Saint Kitts Nevis,1/27/2014,
511388000,7719595,T8A2463,AQUAMARINE,AQUAMARINE,Palau,9/12/2016,9/2/2006
355894000,7721067,3FRZ5,MONTESOL,,Panama,10/5/2013,
567492000,7721067,HSB4886,MARINE ONE,MONTESOL,Thailand,1/5/2016,10/5/2013
671641000,7723027,5VDP5,MARS,SIVUCH,Togo,12/23/2006,9/7/2015
273356010,7723027,5VDP4,SIVUCH,,Russia,9/7/2015,
273421470,7723065,UFOC,PROFESSOR MEGRABOV,,Russia,11/26/2016,
567476000,7724186,HSB4761,SEAVIC REEFER,SEAVIC REEFER,Thailand,7/24/2015,11/4/2012
357048000,7724186,3FKV4,SEAVIC REEFER,,Panama,11/4/2012,
529837000,7726706,T3SU2,WEI LI,BALTIC STAR,Kiribati,9/30/2016,7/8/2015
377762000,7726706,J8B4371,BALTIC STAR,,Saint Vincent Grenadines,7/8/2015,
636017709,7726706,D5MI8,WEI LI,WEI LI,Liberia,12/8/2016,9/30/2016
375045000,7726718,J8B4940,BALTIC STREAM,,Saint Vincent Grenadines,7/9/2015,
567183000,7727097,HSB2719,SILVER SEA 2,,Thailand,11/16/2016,
567175000,7727102,HSB2700,SILVER SEA 1,,Thailand,5/17/2015,
567175000,7727102,HSB2700,CELTIC ICE,,Thailand,12/13/2016,
567011500,7727114,HSCY2,SILVER SEA LINE 2,,Thailand,4/7/2015,
273848200,7730159,_UCLX,TATARSTAN,,Russia,4/30/2014,
273434010,7741108,UFRI,MANGAZEYA,,Russia,11/10/2016,
377213000,7800588,J8B4495,BALTIC NOVEL,,Saint Vincent Grenadines,10/14/2014,
375748000,7800605,J8B4470,BALTIC NIGHT,,Saint Vincent Grenadines,9/28/2013,
306126000,7802419,PJOJ,JOINT FROST,,Curacao,12/24/2016,
567046600,7804900,HSBX,SILVER SEA LINE,,Thailand,4/9/2016,
567046600,7804900,HSBX,ASIAN MARINE REEFER 2,SILVER SEA LINE,Thailand,1/2/2017,4/9/2016
273449760,7808322,UERU,PLUTONAS,,Russia,12/23/2016,
273148810,7808334,UIVG,BELOMORYE,,Russia,12/23/2016,
273353310,7809106,UBMZ,NADEZHDA,,Russia,12/8/2016,
518100019,7809390,E5U2964,UNION ONE,HAI FENG 66,Cook Islands,12/25/2016,10/26/2014
341852000,7809390,V4LW,MING FA,,Sierra Leone,3/14/2012,
514740000,7809390,XUEC2,HAI FENG 66,MING FA,Cambodia,10/26/2014,3/14/2012
356591000,7810571,3FWH6,WIN SHENG,,Panama,12/9/2016,
567486000,7811501,HSB4828,K GOLDENSEA,,Thailand,9/2/2014,
567259000,7811513,HSB3113,SUPERIOR REEFER,,Thailand,6/6/2015,
334667000,7811513,HQXQ2,PRECIOUS 9,SUPERIOR REEFER,Honduras,11/22/2015,6/6/2015
273311610,7812024,UBYV,FROST OLYMPOS,,Russia,12/5/2016,
667007053,7812062,3EGU9,HAO XIANG,,Sierra Leone,8/22/2013,
529650000,7812062,T3JZ2,HAO XIANG,HAO XIANG,Kiribati,4/25/2016,8/22/2013
374849000,7812062,3EGU9,HAO XIANG,HAO XIANG,Panama,12/20/2016,4/25/2016
372825000,7812074,3FJL9,CHAN HAN 6,CHAN HAN 6,Panama,12/7/2016,7/17/2015
529529000,7812074,3FJL9,CHAN HAN 6,,Kiribati,7/17/2015,
354036000,7812098,3FUT6,PLATTE REEFER,,Panama,12/24/2016,
616735000,7813925,D6EU2,SALY REEFER,,Comoros,12/22/2016,
529051000,7815351,T3KA,TAI LU,,Kiribati,5/6/2013,
312534000,7816472,V3RZ6,OKAPI MARTA,HERMANOS PINZON,Belize,8/25/2014,6/1/2013
312534000,7816472,EEDF,HERMANOS PINZON,,Spain,6/1/2013,
371295000,7818561,3EAY,HAI FA,,Panama,12/28/2016,
567004800,7819034,HSB2579,SEAVIC PRINSES,,Thailand,11/27/2016,
616401000,7819759,D6DA5,SILVER ICE,,Comoros,12/30/2016,
273441270,7821910,UFTA,KOMMUNAROV,,Russia,12/17/2016,
548595000,7824936,DUL6372,DOLLY 767,,Philippines,12/20/2016,
273339230,7825631,UBVF7,OS REEFER,,Russia,12/17/2016,
341091000,7826142,V4JU2,SUNNY LINA,,Saint Kitts Nevis,11/26/2016,
273420160,7826154,UBOR,LYRA,,Russia,12/5/2016,
273814810,7828712,UFGP,SELENITOVY,,Russia,4/20/2013,
273898210,7832701,UGML,ABINSK,,Russia,1/21/2016,
416001900,7900663,BZIR,YUAN TAI NO.806,,Taiwan,12/18/2016,
616575000,7904774,D6DY8,BLUE ICE,,Comoros,12/30/2016,
457689000,7905039,JVZR4,KESHAN,,Mongolia,10/11/2013,
677026400,7905039,JVHH9,TIANTAI,KESHAN,Tanzania,2/18/2014,10/11/2013
567008100,7905833,HSB2369,ITFA 3,,Thailand,8/15/2013,
273313840,7908562,UHOJ,AKASHIYA,,Russia,12/23/2016,
529101000,7908732,T3MD,HUA JIAN 1,,Kiribati,12/20/2016,
529052000,7908770,T3KB,FORTUNA REEFER,,Kiribati,6/19/2016,
370890000,7908770,3EVW4,FORTUNA REEFER,FORTUNA REEFER,Panama,12/23/2016,6/19/2016
529096000,7908976,T3LY,TAI FU NO.1,,Kiribati,8/31/2015,
374317000,7908976,3ECZ6,TAI FU NO.1,,Panama,12/23/2016,
616757000,7912408,D6EW9,DELTA REEFER,,Comoros,1/1/2017,
273421900,7913622,UDFI,LAFAYETTE,,Russia,10/28/2014,
352360000,7916791,4DEE3,DOLLY 798,,Panama,10/28/2015,
548335100,7916791,4DEE2,DOLLY 798,DOLLY 798,Philippines,12/8/2016,10/28/2015
422733000,7917458,9BQJ,KOOSHA 3,,Iran,10/28/2016,
273316080,7920326,UBKE9,OLA,,Russia,8/25/2014,
273312950,7920546,UBYQ,ORION,,Russia,12/29/2016,
533000333,7920728,9MTU3,KHA YANG 333,VONG QUN,Malaysia,1/1/2017,8/31/2015
353211424,7920728,3EDM9,VONG QUN,FONG QUN,Panama,8/31/2015,4/9/2015
354260000,7920728,3EDM10,FONG QUN,,Panama,4/9/2015,
416702000,7920869,BZLL,SHENG HONG 806,,Taiwan,12/21/2016,
312932000,7927037,5VDJ9,JIN MAO,,Belize,5/18/2015,
529105000,7927453,T3MH,TAI FU 3,,Kiribati,9/16/2015,
351822000,7927453,H3AI,TAI FU 3,TAI FU 3,Panama,12/21/2016,9/16/2015
529268000,7929762,T3UC,HUA JIAN 109,,Kiribati,12/7/2016,
273358660,7929786,UBNI6,BUKHTA NATALII,,Russia,12/15/2016,
416308000,7930175,BZLY,CHEN YU 7,,Taiwan,12/8/2016,
515500000,7931674,XUCQ9,TANGERINE 88,,Cambodia,1/19/2013,
366971260,7939523,WBM7124,CAPE CALM,,USA,6/21/2016,
273813900,7941813,UHGT,LUCHEZARNYY,,Russia,2/3/2015,
273850200,7945572,UBMGX,SVETLOVODNYY,,Russia,5/29/2013,
354617000,8011029,H8TO,DA PING 1,,Panama,7/29/2013,
355665576,8011029,H8TO,DA PING 1,DA PING 1,Panama,11/28/2014,7/29/2013
367395640,8016330,WDE7634,ALEUTIAN FALCON,,USA,9/28/2016,
355813000,8021892,3FAA6,KAI CHENG,,Panama,12/20/2016,
520093696,8024935,T3PR,WAN JIN HAI 9918,HENG SHENG CHANG 1,Fiji,12/1/2016,8/24/2013
529161000,8024935,T3PR,HAN YI 2,,Kiribati,12/1/2012,
457716000,8024935,,HENG SHENG CHANG 1,HAN YI 2,Mongolia,8/24/2013,12/1/2012
374611000,8028955,3EYA7,LAKE HILL 7,LAKE HILL,Panama,12/23/2016,7/23/2015
529087000,8028955,T3LP,LAKE HILL,,Kiribati,7/21/2015,
273815050,8033857,UHWS,KOMSOMOLIYA KALININGRADA,,Russia,11/15/2016,
273825810,8035087,UHTH,LUCHISTYY,,Russia,12/28/2016,
334816000,8035491,HQXQ6,DAN DIN NO.9,,Honduras,5/1/2016,
214182402,8036079,ERXB,SHINGLE,KORSUN,Moldova,6/27/2014,7/19/2013
272523000,8036079,UUCW,KORSUN,,Ukraine,7/19/2013,
273892210,8038170,UHUV,GEROI SIVASHA,,Russia,11/16/2016,
352533000,8122385,3EGN7,VIVA 106,,Panama,12/20/2016,
351776000,8130837,3FIY4,MING HANG,,Panama,12/7/2015,
636011973,8130942,A8CS5,AFRICA REEFER,,Liberia,8/22/2012,
367019340,8133255,WAK5647,GENE S,,USA,10/5/2016,
273356610,8136740,UBXG4,PROLIV LONGA,,Russia,12/7/2016,
273893210,8136817,UHVD,YASNOMORSKIY,,Russia,4/6/2012,
667006103,8138724,9LC2196,NORT,,Sierra Leone,8/22/2016,
341384000,8202226,V4TY2,REINA,REINA,Saint Kitts Nevis,12/15/2016,6/7/2013
312219000,8202226,V3ET2,REINA,,Belize,6/7/2013,
352769000,8203816,3FVB3,XUE LIN,,Panama,2/8/2013,
354461000,8203816,3FVB3,XING YUN,XUE LIN,Panama,12/26/2016,2/8/2013
353937000,8204121,3FMK4,SANWA FONTAINE,,Panama,12/24/2016,
440523000,8204597,DSOC6,LAKE GLORY,,Korea,12/7/2016,
273358410,8210247,UHJK,BUKHTA ASACHA,,Russia,11/23/2016,
312174000,8210259,V4ET3,RANGIROA,,Belize,10/10/2013,
341838000,8210259,V4ET3,RANGIROA,RANGIROA,Saint Kitts Nevis,12/21/2016,10/10/2013
412322340,8210273,BCIO,TAI XING,,China,7/17/2011,
529445000,8210273,T3AL2,TAI XING,TAI XING,Kiribati,1/31/2015,7/17/2011
371565000,8210273,3EZQ5,TAI XING,TAI XING,Panama,12/8/2016,1/31/2015
616885000,8210285,D6FM9,SOLARTE,,Comoros,12/30/2016,
351493000,8210338,HP7290,VAGRAND,,Panama,8/14/2013,
351493000,8210338,HP7289,DROVER,,Panama,8/13/2015,
548601000,8211007,DUL6502,DOLLY 889,,Philippines,5/19/2015,
455302000,8211045,8QFP,VILA DHAURU,,Maldives,10/20/2016,
341376000,8211100,V4ZP2,VESTLANDIA,VESTLANDIA,Saint Kitts Nevis,12/28/2016,10/11/2013
325223000,8211100,J7AX9,VESTLANDIA,,Dominica,10/11/2013,
567196000,8211837,HSB2797,SIRICHAI REEFER,,Thailand,1/1/2017,
244915000,8213665,PCBT,SPRING BOB,,Netherlands,5/25/2012,
514266000,8214827,XUDF5,MING FENG,,Cambodia,11/24/2015,
529874000,8214827,T3UH2,MING FENG,MING FENG,Kiribati,12/8/2016,11/24/2015
351763000,8214839,3FRT,SHIN HANG,,Panama,12/28/2016,
620149000,8215936,D6A2149,FRIO SEVEN,NORMANDIC,Comoros,12/21/2016,5/23/2016
312862000,8215936,D6A2149,NORMANDIC,,Belize,5/23/2016,
273358510,8216198,UAID,SIERRA,,Russia,11/27/2016,
212373000,8216722,P3HQ8,FORLINE 1,,Cyprus,12/30/2016,
273339110,8216904,UBDF6,ZALIV RADUGA,,Russia,12/21/2016,
273317370,8216916,UCGW,MERCURY,,Russia,12/9/2016,
351527000,8217104,H8IL,OCEAN MARINER,OCEAN MARINER,Panama,12/23/2016,10/9/2013
312377000,8217104,V3LJ,OCEAN MARINER,,Belize,10/9/2013,
412322280,8217116,BBQR,TAI NING,,China,12/8/2016,
548352100,8217142,4DEG_6,DANIELLA T,,Philippines,4/29/2016,
273417300,8220096,UBIF,KAM STAR,,Russia,12/30/2016,
355874000,8221595,3FPM2,JONATHON ACE,,Panama,12/17/2016,
314236000,8221856,8PTR,STINA,,Barbados,5/6/2016,
354670000,8221947,HOFG,SHEN XING,SUN FU FA,Panama,4/11/2013,11/9/2012
529604000,8221947,3FRQ5,SUN FU FA,,Panama,11/9/2012,
374083000,8221947,3FRQ5,PS REEFER,PS REEFER,Panama,12/14/2016,6/26/2015
529604000,8221947,3FRQ5,PS REEFER,SHEN XING,Kiribati,6/26/2015,4/11/2013
577082000,8223311,YJRZ7,TALOFA,,Vanuatu,12/24/2016,
353709000,8223463,3FXC8,ARCTIC,,Panama,10/10/2013,
273324210,8223464,UFOR,ARCTIC,ARCTIC,Russia,12/7/2016,10/10/2013
370981000,8223488,HOYH,ANGEL I,,Panama,12/14/2016,
353670000,8223804,HO7915,HARVESTS,,Panama,1/2/2017,
312387000,8223816,V3FK,KAI TAI 1,,Belize,9/12/2012,
548363100,8223983,DUL6023,EASTERN COAST,,Philippines,,
514298000,8224432,XUJF6,MING HANG 8,EUROPA,Cambodia,11/14/2015,9/9/2014
374290000,8224432,HPNW,MING HANG 8,MING HANG 8,Panama,11/10/2016,11/14/2015
375789000,8224432,,EUROPA,,Saint Vincent Grenadines,9/9/2014,
273828310,8225503,UEEC,ASTRONOM,,Russia,12/23/2016,
273316040,8225668,UIVV,REFRIZHERATOR 605,,Russia,12/23/2016,
273816010,8225711,UIIC,BEREG MECHTY,,Russia,12/28/2016,
273512400,8225723,UIMH,TAMBOV,,Russia,12/25/2016,
576195000,8226739,YJVT7,LA MANCHE,,Vanuatu,12/28/2016,
273814050,8226973,UHWR,OZERSK,,Russia,12/10/2016,
273829220,8228490,UFPR,TAIROVO,,Russia,2/7/2015,
311433000,8300365,C6SQ5,BELGIAN REEFER,,Bahamas,12/22/2016,
311447000,8300377,C6SR8,BRAZILIAN REEFER,,Bahamas,12/24/2016,
616852000,8300949,D6FJ2,GABU REEFER,,Comoros,12/23/2016,
355317000,8301723,3FHF5,ORIENTAL CHILAN,,Panama,12/10/2016,
357642000,8303903,HOYR,FRIO SPAIN,,Panama,1/10/2013,
273310240,8303927,UIWS,APOLLO FLYER,,Russia,12/23/2016,
514930000,8304218,XUDX2,PEREGRINO,,Cambodia,4/14/2015,
455266000,8304323,8QDY,BAROASAA,,Maldives,6/9/2016,
273349420,8304402,UHBM,PARNAS,,Russia,12/3/2016,
273312180,8306606,UBLE5,DIREKTOR,,Russia,6/16/2012,
412420329,8307272,,XIN ZHOU LUN,,China,12/13/2016,
412321260,8310267,BBRH,TAI SHENG,,China,4/23/2012,
538004733,8311106,V7YT9,ICE ROSE,ICE ROSE,Marshall Islands,12/31/2016,7/12/2012
319067000,8311106,ZCCT7,ICE ROSE,,Cayman Island,7/12/2012,
319166000,8311118,ZCCT6,ICE RIVER,,Cayman Island,7/24/2012,
538004731,8311118,V7YT7,ICE RIVER,ICE RIVER,Marshall Islands,12/31/2016,7/24/2012
538004732,8311120,V7YT8,ICE RUNNER,ICE RUNNER,Marshall Islands,12/26/2016,6/28/2012
319235000,8311120,ZCMO7,ICE RUNNER,,Cayman Island,6/28/2012,
538004729,8311132,V7YT5,ICE RANGER,ICE RANGER,Marshall Islands,12/31/2016,6/22/2012
319245000,8311132,ZCMO6,ICE RANGER,,Cayman Island,6/22/2012,
636011696,8312033,A8AX9,MONTEVIDEO,,Liberia,11/26/2012,
441725000,8312461,HOFG,SEIN OCEAN,,Korea,4/3/2016,
374831000,8312461,HOFG,ISLAND REEFER,SEIN OCEAN,Panama,12/13/2016,4/3/2016
314233000,8312655,8PTO,BOSSE,,Barbados,8/5/2014,
529764000,8312655,T3PT2,WEI SHUN,BOSSE,Kiribati,10/27/2016,8/5/2014
636017752,8312655,D5MO2,WEI SHUN,WEI SHUN,Liberia,12/24/2016,10/27/2016
273442740,8313879,UDVM,BUKHTA NAGAEVA,,Russia,12/22/2016,
371335000,8317356,3FE06,HAI FENG 628,,Panama,12/8/2016,
412946000,8317409,BIUA,KAI YUAN,,China,12/24/2016,
355643000,8317423,3FUJ9,SEA MARK,,Panama,12/22/2016,
356878000,8318659,3FOZ2,ATLANTIC HOPE,,Panama,10/5/2013,
356878000,8318659,3FOZ2,SHIN HANG 6,ATLANTIC HOPE,Panama,12/28/2016,10/5/2013
441923000,8319029,DSRN5,SEIN STAR,5/8/13,Korea,12/8/2016,
249889000,8319029,3EMM7,SEIN STAR,,Malta,5/8/2013,
371719000,8319031,3FIO6,DAFENG MARINER,,Panama,12/24/2016,
372594000,8319055,3EJQ3,EURO STAR,,Panama,12/25/2016,
273436790,8319184,UIKZ,PETERGOF,,Russia,12/18/2016,
353828000,8319598,3EHM8,HAI YING,HAI YING,Panama,11/12/2016,5/30/2013
412899000,8319598,,HENG TAI 899,,China,1/25/2016,
412208610,8319598,,HAI YING,,China,5/30/2013,
667006047,8320834,9LC2140,ISIDA,,Sierra Leone,5/6/2012,
273351170,8320834,UBRI2,ODIN,ISIDA,Russia,12/26/2016,5/6/2012
355141000,8323599,3FEJ5,YUNG DA FA 102,,Panama,12/24/2016,
627047000,8323604,9GII,VOLTA GLORY,,Ghana,12/21/2016,
352515000,8324244,HOAL,FRIO PACIFIC,,Panama,5/4/2016,
273816020,8326113,UIUT,KORSAKOV,,Russia,12/27/2016,
273896310,8328771,UGQF,VYSOKOGORNYY,,Russia,9/20/2013,
311000433,8400050,C6CC5,SILVER PEARL,NORDJARL,Bahamas,12/26/2016,8/10/2015
231766000,8400050,OZ2096,NORDJARL,,Faroe Islands,8/10/2015,
273331810,8403363,UBIF5,AFINA,,Russia,12/23/2016,
273355540,8403961,UBYH6,VOSTOK REEFER,BELLATRIX,Russia,12/7/2016,8/27/2013
352901000,8403961,HO4683,BELLATRIX,,Panama,8/27/2013,
376098000,8404238,J8B4888,ELECTRA,ELECTRA,Saint Vincent Grenadines,7/9/2016,11/15/2012
248966000,8404238,9HYA6,ELECTRA,,Malta,11/15/2012,
273367690,8404575,UBGM2,TORNADO,FAST,Russia,12/18/2016,9/28/2013
371223000,8404575,3EBT2,FAST,,Panama,9/28/2013,
311121000,8407814,C6RN9,SUMMER MEADOW,,Bahamas,12/28/2016,
514666000,8408258,,SOMBRA VOLANTE,,Cambodia,7/10/2013,
514666000,8408258,XUGH2,BEAM,SOMBRA VOLANTE,Cambodia,2/23/2014,7/10/2013
341537000,8408258,V4BH3,BEAM,BEAM,Saint Kitts Nevis,12/23/2016,2/23/2014
548092100,8408301,DUL7420,DOLLY 889,DOLLY 888,Philippines,8/30/2016,4/13/2015
548600000,8408301,DUL7420,DOLLY 888,,Philippines,4/13/2015,
311086000,8408870,C6FR7,TROPICAL REEFER,,Bahamas,9/2/2014,
514117000,8408870,3EDT8,YONG HANG 9,TROPICAL REEFER,Cambodia,12/3/2015,9/2/2014
374407000,8408870,3EDT8,YONG HANG 9,YONG HANG 9,Panama,12/14/2016,12/3/2015
311088000,8408882,C6FR9,TROPICAL SKY,,Bahamas,12/28/2016,
311087000,8408894,C6FR8,TROPICAL STAR,,Bahamas,12/28/2016,
374612000,8410586,3FXQ9,YONG XIANG 7,YONG XIANG 7,Panama,12/8/2016,2/24/2016
515863000,8410586,XUJM7,YONG XIANG 7,SUMMER BAY,Cambodia,2/24/2016,10/17/2015
311123000,8410586,C6RO3,SUMMER BAY,,Bahamas,10/17/2015,
311367000,8412687,C6SK3,GREEN FROST,,Bahamas,12/26/2016,
311411000,8412699,C6SO4,SAMSKIP ICE,GREEN ICE,Bahamas,12/26/2016,8/21/2016
311411000,8412699,C6SO4,GREEN ICE,,Bahamas,8/21/2016,
311122000,8413019,C6RO2,SUMMER FLOWER,,Bahamas,12/28/2016,
412440004,8414295,BAWE,FU YUAN FU 91,,China,12/26/2016,
354570000,8415550,3FKX4,REF STAR,,Panama,5/5/2012,
441759000,8415859,DSQY9,SEIN SUN,,Korea,12/26/2015,
341443000,8420751,V4UF2,HAI FENG 898,HAI FENG 898,Saint Kitts Nevis,1/2/2017,6/27/2013
352739000,8420751,3ENU6,HAI FENG 898,,Panama,6/27/2013,
357020000,8420763,3FQH9,TIARA 108,,Panama,12/7/2016,
273352840,8421200,UBCI2,SAN DIEGO,,Russia,1/2/2017,
371790000,8421286,H3XA,KAI DE,,Panama,12/25/2016,
529354000,8421298,T3XR,HUA JIAN 107,,Kiribati,12/6/2016,
354569000,8422709,3FKW4,REF VEGA,,Panama,5/24/2012,
371717000,8422711,3FSJ2,HAI FENG 698,KOMETA,Panama,12/28/2016,10/11/2013
273312280,8422711,C4RB2,KOMETA,,Russia,10/11/2013,
273425770,8422931,UBFQ,KAPITAN SHCHERBAKOV,,Russia,12/28/2016,
273195200,8423583,UDRA,KRYMSKIY,,Russia,12/23/2016,
273410910,8423612,UGFF,LIMANSKIY,,Russia,12/11/2016,
412202420,8426901,BZTH,SHUN JI,,China,,
677038700,8426913,5IM494,HAI TONG DA,HAI TONG DA,Tanzania,12/7/2016,3/8/2016
514087000,8426913,XUGT4,HAI TONG DA,,Cambodia,3/8/2016,
412204290,8426925,BAHU,YUN XING 1,,China,,
515717000,8426975,XUFX9,RUI HANG,,Cambodia,10/29/2016,
341099000,8500630,V4JY2,ATLANTIC LADY,,Saint Kitts Nevis,1/2/2017,
353019000,8502432,3FZW3,FRIO CANARIAS,,Panama,11/9/2015,
273385860,8502432,UBPC,FRIO CANARIAS,FRIO CANARIAS,Russia,12/19/2016,11/9/2015
273351900,8502793,UBLG2,AMEGA,,Russia,12/12/2016,
312845000,8503242,V3RS6,TOKACHI FROST,,Belize,5/15/2015,
518332000,8503242,E5U2582,TOKACHI FROST,TOKACHI FROST,Cook Islands,12/8/2016,5/15/2015
529558000,8503723,T3FD2,NAFTILOS,,Kiribati,12/22/2016,
277099000,8506737,LYKM,ARGO,,Lithuania,4/19/2013,
371100000,8508840,HPQB,YUNG DA FA 101,YUNG DA FA 101,Panama,11/22/2016,2/5/2015
357745000,8508840,3FSJ9,YUNG DA FA 101,,Kiribati,2/5/2015,
210966000,8509533,P3BI4,BALTIC FORWARD,,Cyprus,12/30/2016,
312900000,8509557,V3NM,NOVIY SVET,,Belize,9/13/2012,
341307000,8509557,V4OQ2,NOVIY SVET,NOVIY SVET,Saint Kitts Nevis,12/28/2016,9/13/2012
273353800,8509569,UBKG5,CRYSTAL ATLANTICA,,Russia,12/27/2016,
273337510,8509571,UBGF5,CRYSTAL ARCTICA,,Russia,12/28/2016,
273338510,8509583,UBGF6,CRYSTAL AFRICA,,Russia,12/20/2016,
273319440,8512011,UGNI,GREEN TUNDRA,,Russia,12/7/2016,
352844000,8512920,3EFC4,JACHA,,Panama,12/24/2016,
441834000,8513039,3FGM3,IRIS,SAPPORO,Korea,12/8/2015,1/19/2012
374321000,8513039,3FGM3,IRIS REEFER,IRIS,Panama,12/8/2016,12/8/2015
529199000,8513039,DSNV6,SAPPORO,,Kiribati,1/19/2012,
273342230,8513273,UBCG5,AMBER BALTIC,,Russia,12/15/2016,
548246100,8513352,DUTR6,PACIFIC PLOVER,,Philippines,3/21/2015,
354667000,8513869,3FTH4,ORION S,,Panama,10/9/2013,
730151013,8513869,HKJC7,ORION S,ORION S,Colombia,12/24/2016,10/9/2013
441034000,8513871,DSPI5,SUNFLOWER 7,,Korea,12/21/2016,
306497000,8514784,PJHA,NOVA ZEELANDIA,,Curacao,12/13/2016,
341244000,8514796,V4TT2,NOVAYA ZEMLYA,,Saint Kitts Nevis,1/2/2017,
273311860,8516615,UFWZ,PROGRESS,,Russia,12/21/2016,
273313270,8516627,UFEF,SIMFONIYA,,Russia,12/26/2016,
273312860,8516639,UERQ,GARMONIYA,,Russia,12/17/2016,
273313470,8516641,UBHE3,ANATOLIY LARIN,,Russia,12/29/2016,
667001392,8517346,9LU2195,OCEAN STAR 98,TAMA HOPE,Sierra Leone,12/27/2016,6/11/2015
308765000,8517346,9LU2195,TAMA HOPE,,Bahamas,6/11/2015,
636017010,8517358,D5IW5,NOVA STELLA,TAMA STAR,Liberia,12/28/2016,5/21/2015
308743000,8517358,C6MA6,TAMA STAR,,Bahamas,5/21/2015,
353242000,8517815,3FHP2,OSTROV BERINGA,,Panama,12/8/2016,
341889000,8518807,V4WD2,NOVA CALEDONIA,NOVA CALEDONIA,Saint Kitts Nevis,12/15/2016,10/9/2013
249842000,8518807,9HIH5,NOVA CALEDONIA,,Malta,10/9/2013,
352085000,8518819,3FDZ4,HUA FU NO.107,,Panama,12/20/2016,
273316230,8518895,UBWH,BALYUZEK,,Russia,12/25/2016,
440220000,8520496,D7NA,ORION 1,ORION,Korea,12/21/2016,10/11/2013
431472000,8520496,D7NA,ORION,,Japan,10/11/2013,
403025000,8520501,HZDD,AL ZOHAL 1,,Saudi Arabia,12/25/2012,
375804000,8520501,J8B4789,BALTIC MEADOW,AL ZOHAL 1,Saint Vincent Grenadines,1/1/2017,12/25/2012
273430160,8520563,UHCL,RUSTICA,,Russia,12/9/2016,
371210000,8521804,3EGY7,RAINFROST,,Panama,7/5/2013,
273817020,8521804,UBRG,ICEBERG,RAINFROST,Russia,12/17/2016,7/5/2013
357805000,8521830,3FTR9,SKYFROST,,Panama,12/14/2016,
440116000,8603121,D7MG,SALT LAKE,,Korea,12/17/2016,
273353640,8603171,UBZH8,EKATERINA,,Russia,12/8/2016,
376311000,8604606,J8UC8,APUS,,Saint Vincent Grenadines,8/8/2013,
341353000,8604606,V4ZK2,SPRING BAY,APUS,Saint Kitts Nevis,9/9/2016,8/8/2013
529346000,8604967,T3XH,FULL KUO SHIN,,Kiribati,12/18/2016,
351795000,8608597,3EZJ8,BELITA,,Panama,10/9/2013,
334548000,8608597,HQXP3,AMORY,BELITA,Honduras,3/28/2016,10/9/2013
273349530,8609163,UBFG2,PETR RIKORD,,Russia,12/28/2016,
515183000,8609280,3EML7,YONG XIANG 8,,Cambodia,8/31/2015,
374410000,8609280,3EML7,YONG XIANG 8,YONG XIANG 8,Panama,12/7/2016,8/31/2015
374445000,8609292,3EAT9,QI HANG,QI HANG,Panama,12/26/2016,12/30/2015
515777000,8609292,XUCT6,QI HANG,,Cambodia,12/30/2015,
273344710,8609802,UBSE4,ICE BREEZE,,Russia,12/7/2016,
273348810,8609814,UBTE5,ICE STREAM,,Russia,12/23/2016,
357772000,8609979,3EUJ3,ALCANTARA CARRIER,,Panama,2/4/2015,
577315000,8609979,YJUM8,SEIN GRACE,ALCANTARA CARRIER,Vanuatu,3/26/2016,2/4/2015
374830000,8609979,3EFA6,SEIN GRACE,SEIN GRACE,Panama,12/18/2016,3/26/2016
372199000,8609981,C6RH4,GIRALDA CARRIER,,Panama,5/25/2015,
372199000,8609981,3FTJ4,SEIN PRINCESS,GIRALDA CARRIER,Panama,12/8/2016,5/25/2013
273810710,8610265,UDYO,PETR ZITNIKOV,,Russia,10/10/2016,
273812710,8610277,UDVB,VSEVOLOD SIRBIRTSEV,,Russia,10/10/2016,
636015608,8610277,,HAINAN BAOSHA 001,,Liberia,6/13/2013,
351370000,8612304,T3HT2,DONA LIBRA,,Panama,7/30/2012,
529620000,8612304,T3HT2,PUNTO RUSSO,DONA LIBRA,Kiribati,3/12/2015,7/30/2012
273348520,8613542,UBZE3,PAVLOVSK,,Russia,12/17/2016,
372910000,8613920,3EVC7,HAI FENG 638,,Panama,12/21/2016,
354874000,8615784,3FXQ4,KENTA MARU,,Panama,12/8/2016,
310323000,8616312,ZCBZ4,TENO,,Bermuda,10/19/2012,
375254000,8616312,J8B4758,BALTIC MERCURY,TENO,Saint Vincent Grenadines,1/2/2017,10/19/2012
376556000,8616324,J8B4759,BALTIC MERCHANT,TALCA,Saint Vincent Grenadines,1/2/2017,11/15/2012
310324000,8616324,ZCBZ5,TALCA,,Bermuda,11/15/2012,
273354620,8617770,UBFH2,MARINE STAR,,Russia,12/7/2016,
538003418,8617926,V7RC6,PACIFIC BREEZE,,Marshall Islands,12/27/2016,
277331000,8618853,LYRW,PLUTO,,Lithuania,6/23/2012,
372538000,8618865,3EKK9,HUAN YU 1,,Panama,12/7/2016,
440707000,8619338,6NLH,ORYONG 705,,Korea,10/10/2013,
514295000,8619338,XUJF5,ORIENTAL 77,ORYONG 705,Cambodia,9/16/2015,10/10/2013
273428710,8623559,UESK,KAPITAN KANTSIBER,,Russia,11/30/2014,
273833000,8623925,UIEI,DORIDA,,Russia,12/28/2016,
529606000,8627309,T3HD2,MIN TAI LENG,MIN TAI LENG,Kiribati,10/5/2013,5/31/2013
542156110,8627309,E6CH2,MIN TAI LENG,,Niue,12/20/2016,
,8627309,9LA2124,MIN TAI LENG,CHANG FENG,Sierra Leone,5/31/2013,6/21/2012
529606000,8627309,E6CH2,CHANG FENG,,Kiribati,3/30/2013,
514211000,8649151,XUDU6,HAI CHI 3,,Cambodia,10/8/2013,
416833000,8680583,BH3293,CHANG LI NO.1,,Taiwan,12/27/2016,
351537000,8688755,3FOH6,RUI SHENG,,Panama,9/15/2016,
312820000,8695863,V3ZN6,BUSYBEE,,Belize,1/2/2017,
636013650,8700228,A8OL5,ZENIT,,Liberia,12/30/2016,
311667000,8700230,C6TJ8,CHAITEN,,Bahamas,12/28/2016,
273429140,8701038,UIQL,VASILIY POLESHCHUK,,Russia,12/22/2016,
273210110,8701040,UFXA,PAMYAT KIROVA,,Russia,12/28/2016,
538002989,8702630,V7NO8,LAKE SUCCESS,,Marshall Islands,2/20/2014,
440196000,8702630,D7MQ,LAKE SUCCESS,LAKE SUCCESS,Korea,12/23/2016,2/20/2014
306338000,8705656,PJBW,CALA PIANA,,Curacao,12/30/2016,
306337000,8705668,PJBZ,CALA PICCOLA,,Curacao,12/28/2016,
306335000,8705670,PJBX,CALA PEVERO,,Curacao,12/28/2016,
306336000,8705682,PJBY,CALA PORTESE,,Curacao,12/29/2016,
538004840,8706777,V7ZJ5,ICE GRACE,PARANA,Marshall Islands,12/28/2016,12/5/2012
235660000,8706777,VQKZ5,PARANA,,United Kingdom,12/5/2012,
538004839,8706789,V7ZJ4,ICE GLACIER,AMAZONAS,Marshall Islands,12/31/2016,11/13/2012
235661000,8706789,VQKZ6,AMAZONAS,,United Kingdom,11/13/0212,
354716000,8710132,3EHA6,HAI FENG 648,,Panama,12/24/2016,
354469000,8710209,3EHB6,HAI FENG 658,,Panama,12/19/2016,
576711000,8710340,YJQN2,FRIO ATHENS,,Vanuatu,10/14/2016,
353982000,8710340,3FAX7,FRIO ATHENS,FRIO ATHENS,Panama,12/25/2016,10/14/2016
357889000,8710352,HOZO,WASHINGTON,,Panama,2/14/2013,
273356290,8710352,UBOJ9,VITALIY SHMYKOV,,Russia,12/8/2016,
431201000,8710728,7JTK,TAISEI MARU 15,TAISEI MARU 15,Japan,12/8/2016,9/15/2013
577169000,8710728,7JTK,TAISEI MARU 15,,Vanuatu,9/15/2013,
273349630,8712300,UBFG9,ZODIAK,,Russia,12/7/2016,
441240000,8712398,DSOR5,SL ARCHI,,Korea,12/23/2016,
636013070,8713550,A8KJ9,AVILA STAR,,Liberia,12/22/2016,
636013069,8713562,A8KJ8,AFRIC STAR,,Liberia,12/30/2016,
538002996,8714944,3FSS6,NO.1 POHAH,,Marshall Islands,8/14/2013,
371542000,8714944,3FSS6,NO.1 POHAH,NO.1 POHAH,Panama,12/21/2016,8/14/2013
273252100,8723270,UFVQ,VYBORGSKIY,,Russia,12/22/2016,
273433460,8723309,UDWZ,BUZANSKIY,,Russia,12/23/2016,
273435310,8723311,UBAZ,BASKUNCHAKSKIY,,Russia,12/23/2016,
273251100,8723347,UFXL,PETROGRADSKIY,,Russia,12/30/2016,
273449080,8723361,UAYO,SORAKSAN,,Russia,12/5/2016,
273815020,8723373,UIUS,NEREY,,Russia,12/24/2016,
273421240,8723402,UERJ,ANTON GURIN,,Russia,12/27/2016,
273457850,8724341,UDLH,PREGOLSKIY,,Russia,12/20/2016,
273191300,8724377,UDQY,OBAYATELNYY,,Russia,12/12/2016,
273820900,8724389,UEVR,NADIR,,Russia,12/23/2016,
273847300,8724418,UIEX,VALENTIN,,Russia,12/16/2016,
273875400,8724420,UGCQ,IRTYSH,,Russia,12/23/2016,
273891210,8724444,UGMG,PROLIV EKATERINY,,Russia,8/7/2012,
273813810,8724456,UFGV,BERING,,Russia,6/13/2012,
273433100,8725694,UDJG,RYS,,Russia,,
353631000,8725814,HO6144,ASARI,,Panama,3/9/2015,
273872100,8725826,UDSD,RUBINOVYY,,Russia,12/30/2016,
272727000,8727018,UUAY6,POLUS 1,,Ukraine,11/1/2014,
273827710,8727147,UFBO,TITANIYA,,Russia,12/21/2016,
273440860,8727343,UERV,KATRAN,,Russia,12/21/2016,
273420240,8729183,UERA,KOMMUNARY NIKOLAYEVA,,Russia,12/14/2016,
273434600,8729200,UEZM,KOOPERATOR,,Russia,12/8/2016,
273895510,8730089,UHSV,DRUZHBA,,Russia,12/18/2016,
441949000,8800224,DSMA5,GREEN CAPE,NOR CAPE,Korea,12/8/2016,11/3/2015
325447000,8800224,J7BP8,NOR CAPE,,Dominica,4/27/2013,
249709000,8800224,9HDB5,NOR CAPE,NOR CAPE,Saint Kitts Nevis,11/3/2015,4/17/2013
312887000,8800236,3EIN8,HAI FENG 668,,Belize,10/10/2013,
354062000,8800236,3EIN8,HAI FENG 668,HAI FENG 668,Panama,12/20/2016,10/10/2013
636012261,8801802,A8EJ6,FRIO OLYMPIC,,Liberia,12/26/2016,
309578000,8801814,C6RB2,CHANGUINOLA BAY,,Bahamas,10/10/2013,
354871000,8801814,3FYF8,FRIO OCEANIC,CHANGUINOLA BAY,Panama,12/27/2016,10/10/2013
636009174,8802002,ELML7,HORNBAY,,Liberia,12/30/2016,
636009381,8802014,,HORNCAP,,Liberia,12/29/2016,
314011000,8802088,8PLK,HANSA BREMEN,HANSA BREMEN,Barbados,1/1/2017,10/10/2013
636090299,8802088,ELW06,HANSA BREMEN,,Liberia,10/10/2013,
636090312,8802090,ELWR5,HANSA VISBY,,Liberia,9/1/2013,
636016167,8802090,ELWR5,BALTIC SUMMER,HANSA VISBY,Liberia,1/1/2017,9/1/2013
357497000,8804244,3FYZ6,TAI JI,,Panama,12/19/2012,
308541000,8804529,C6IB5,GREEN SELJE,,Bahamas,1/2/2017,
311009400,8804531,C6XH2,GREEN KARMOY,,Bahamas,1/2/2017,
311011400,8804543,C6XJ4,GREEN COOLER,,Bahamas,12/20/2016,
311009500,8804555,C6XH3,GREEN BODO,,Bahamas,12/28/2016,
311040500,8804567,C6YO8,GREEN EGERSUND,,Bahamas,1/2/2017,
311042400,8804579,C6YQ9,GREEN MALOY,,Bahamas,1/1/2017,
277312000,8806242,LYRJ,ANDROMEDA,,Lithuania,12/20/2016,
351817000,8807430,3EVO6,WHITE DOLPHIN,,Panama,10/9/2013,
440214000,8807430,D7MY,SEIN QUEEN,WHITE DOLPHIN,Korea,12/8/2016,10/9/2013
373897000,8807442,3EDI8,FRIO DOLPHIN,FRIO DOLPHIN,Panama,12/28/2016,12/10/2016
576688000,8807442,YJQK2,FRIO DOLPHIN,,Vanuatu,12/10/2005,
440257000,8807466,D7NU,FRIO ANTARCTIC,FRIO ANTARCTIC 1,Korea,12/25/2015,10/11/2013
373731000,8807466,3EVL6,FRIO ANTARCTIC 1,FRIO ANTARCTIC 1,Panama,10/11/2013,1/3/2013
636014105,8807466,3EVL6,EW KILIMANJARO,,Liberia,1/3/2013,
374478000,8807466,3FAR4,FRIO ANTARCTIC,FRIO ANTARCTIC,Panama,1/2/2017,12/25/2015
306862000,8807636,PJYM,COPPENAME,,Curacao,12/6/2016,
371812000,8807662,3EHL5,FRIO POSEIDON,WINDFROST,Panama,9/13/2016,10/11/2013
636013648,8807662,3EHL5,WIND FROST,,Liberia,8/27/2013,
229587000,8807662,3EHL5,WINDFROST,WIND FROST,Malta,10/11/2013,8/27/2013
441032000,8808161,DSOP5,SEI SHIN,SEA MANSION,Korea,12/10/2016,9/3/2015
441032000,8808161,DSOP6,SEA MANSION,,Korea,9/3/2015,
357788000,8808252,3FTI10,MIYABI,,Panama,10/8/2013,
357788000,8808252,3FTI9,VICTORIA 168,MIYABI,Panama,12/12/2016,10/8/2013
334533000,8810190,HQWX4,URGULL,,Honduras,10/1/2015,
273385120,8810190,UBZN7,URGULL,URGULL,Russia,12/28/2016,10/1/2015
273819710,8810310,UEKN,SUBARU,,Russia,12/30/2016,
538002995,8810645,3EPY9,KHANA,,Marshall Islands,7/18/2013,
352796000,8810645,3EYB6,KHANA,KHANA,Panama,12/14/2016,7/18/2013
412202350,8810657,BAIL,TAI YU,,China,12/19/2016,
244542000,8810786,PESF,SIERRA KING,HOLLAND KLIPPER,Netherlands,12/21/2016,10/10/2013
244542000,8810786,PESF,HOLLAND KLIPPER,,Netherlands,10/10/2013,
273351650,8811572,UACD8,VISMAR,,Russia,10/29/2016,
273211110,8811675,UFYW,PAMYAT ILICHA,,Russia,12/18/2016,
312379000,8811687,V3YQ5,FRIO POSEIDON,,Belize,11/30/2012,
306509000,8812796,PJJH,ARUBA,,Curacao,8/23/2016,
273395480,8812796,UCFB,ATLANTICA,ARUBA,Russia,12/20/2016,8/23/2016
306511000,8812801,PJJI,ANTILLA,,Curacao,4/24/2016,
273382550,8812801,UIIA,PACIFICA,ANTILLA,Russia,12/21/2016,4/24/2016
312844000,8813582,V3KG3_,GLOBAL MARINER,,Belize,9/29/2013,
355720000,8813582,3EMW4,GLOBAL MARINER,GLOBAL MARINER,Panama,12/22/2016,9/29/2013
375838000,8813594,J8B4817,BALTIC PRINCE,IVORY ACE,Saint Vincent Grenadines,1/1/2017,3/18/2013
311704000,8813594,C6TN3,IVORY ACE,,Bahamas,3/18/2013,
636013976,8813623,A8QO5,DAMACO FRANCIA,,Liberia,8/10/2013,
440097000,8813623,DSRO7,SEIN SKY,DAMACO FRANCIA,Korea,12/7/2016,8/10/2013
306752000,8813635,PJUP,NOVA FLORIDA,,Curacao,12/22/2016,
371322000,8814237,3ECC7,HAI FENG 895,,Panama,12/21/2016,
636012749,8814299,D5LN5,ZHONG XIANG,ZHONG XIANG,Liberia,12/8/2016,3/17/2016
529781000,8814299,T3QL2,ZHONG XIANG,,Kiribati,3/17/2016,
440664000,8815009,DSOZ2,SL BOGO,,Korea,1/2/2017,
440102000,8815023,DSRO9,TORAH,TORAH,Korea,12/14/2016,9/3/2013
538002998,8815023,3EPB4,TORAH,,Marshall Islands,9/3/2013,
311664000,8816156,C6TJ5,ALMEDA STAR,,Bahamas,1/2/2017,
311676000,8816168,C6TJ4,AVELONA STAR,,Bahamas,12/29/2016,
311663000,8816170,C6TJ3,ANDALUCIA STAR,,Bahamas,12/29/2016,
341464000,8817186,V4KJ3,ATLANTC REEFER,,Saint Kitts Nevis,1/2/2017,
224434000,8817801,EHCB,IZAR ARGIA,,Spain,12/15/2016,
277247000,8818893,LYOT,MARSAS,,Lithuania,5/23/2012,
677047700,8818893,5IM577,AMINA H,MARSAS,Tanzania,12/24/2016,5/23/2012
636011106,8819213,ELWV4,BALTIC PRIDE,,Liberia,12/29/2016,
645376000,8819287,3BSD,AUXIS,IBERIAN REEFER,Mauritius,1/2/2017,9/21/2013
636014564,8819287,A8UV5,IBERIAN REEFER,,Liberia,9/21/2013,
311043800,8819299,C6YS6,GREEN AUSTEVOLL,,Bahamas,12/30/2016,
311009600,8819304,C6XH4,GREEN FREEZER,,Bahamas,12/26/2016,
515201000,8819691,V6LF,QIAN YUAN,QIAN YUAN,Cambodia,2/2/2016,1/8/2013
510182000,8819691,,QIAN YUAN,QIAN YUAN,Micronesia,9/24/2016,2/2/2016
,8819691,V3KX2,QIAN YUAN,,Belize,1/8/2013,
311062400,8819926,C6ZP7,DITLEV REEFER,,Bahamas,1/2/2017,
311062300,8819938,C6ZP6,IVAR REEFER,,Bahamas,12/31/2016,
311461000,8822583,C6VY5,GREEN MAGIC,,Bahamas,12/31/2016,
311449000,8822595,C6VY4,GREEN MUSIC,,Bahamas,12/29/2016,
273847200,8826424,UCLW,VICTOR GAVRILOV,,Russia,12/30/2016,
273253100,8826577,UFVR,KRONSHTADTSKIY,,Russia,12/23/2016,
273359920,8826759,UBIH4,TAVRIA,,Russia,12/21/2016,
667943000,8831431,9LD2244,LUCKY 101,,Sierra Leone,2/12/2015,
273847710,8831572,UDKF,HRIZOLIT,,Russia,10/7/2016,
412400810,8831986,,ZHOU YU LENG 3,,China,,
273422240,8832069,UEZS,KAPITAN KIRICHENKO,,Russia,12/30/2016,
515557000,8834421,9LY2623,HENG XING 1,,Cambodia,6/24/2013,
667003426,8834421,9LY2623,HENG XING 1,HENG XING 1,Sierra Leone,12/21/2016,6/24/2013
273811020,8834483,UIWB,KAPITAN PRYAKHA,,Russia,12/20/2016,
273825200,8834689,UIVX,PREDSEDATEL GANSLEP,OCEAN DREAM,Russia,12/23/2016,10/10/2013
515604000,8834689,XUDP7,OCEAN DREAM,,Cambodia,10/10/2013,
273844500,8835968,UCXC,CAESAR,,Russia,1/2/2017,
367526070,8836273,WDG3440,GORDON JENSEN,,USA,1/2/2017,
367773000,8836405,WDC4996,OCEAN FRESH,,USA,9/18/2016,
272554000,8838544,UUM6,TAVR,,Ukraine,10/11/2013,
376715000,8838544,J8B5140,TAVR,TAVR,Saint Vincent Grenadines,12/19/2016,10/11/2013
273449510,8842533,UHYG,GEOLOG PECHKUROV,,Russia,12/23/2016,
273829410,8842997,UEKI,SAKHRYBA,,Russia,1/1/2017,
412400940,8843991,,ZHOU SHAN 17,,China,,
272296000,8844074,USZO,STEFAN GORSHKOV,,Ukraine,5/4/2015,
357600000,8844074,3FDQ4,FAVORITE,STEFAN GORSHKOV,Panama,12/21/2016,5/4/2015
341009000,8845717,V4KD2,FRIO MURMANSK,,Saint Kitts Nevis,12/25/2016,
273873500,8847051,UGCW,OSTROV IONY,,Russia,1/1/2017,
273257000,8847131,UBVW,SMOLNINSKIY,,Russia,12/24/2016,
514565000,8848965,XUNQ7,FOR SHINE 168,,Cambodia,3/20/2016,
367098190,8851699,WDC9146,ENTRANCE POINT,,USA,8/12/2016,
367392530,8855205,WDE7375,LAST FRONTIER,,USA,8/9/2016,
367445470,8856613,WDF3906,CAPE GRIEG,,USA,1/2/2017,
273856100,8856998,UFXH,DALMOS,,Russia,12/30/2016,
273825700,8857007,UEFW,ZALIV VOSTOK,,Russia,12/7/2016,
273824020,8857796,UEFY,NIKOLAY KASATKIN,,Russia,12/23/2016,
273842700,8858544,UDKC,AMAYAN,,Russia,12/19/2016,
273879400,8858568,UGCT,AMURSKIY LIMAN,,Russia,9/10/2013,
273844510,8860119,UDIN,MAYAK,,Russia,6/18/2012,
273357670,8860432,UBWI5,FRIO SEVASTOPOLIS,FRIO SEVASTOPOLIS,Russia,1/2/2017,7/14/2012
667006043,8860432,UBWI5,FRIO SEVASTOPOLIS,FRIO SEVASTOPOLIS,Sierra Leone,7/14/2012,2/14/2012
352367000,8860432,3EUP9,FRIO SEVASTOPOLIS,,Panama,2/14/2012,
341049000,8860444,V4KI2,FRIO ARKHANGELSK,,Saint Kitts Nevis,12/3/2016,
273820700,8860559,UHIO,PRIMORYE,,Russia,12/29/2016,
412660240,8863496,,HAI FENG 823,,China,12/21/2016,
305723000,8872801,9HTF5,LION,,Antigua Barbuda,5/6/2015,
312284000,8872801,V3YC7,LUCKY JOY,LION,Belize,12/28/2016,5/6/2015
412321320,8880030,,YAN YU LENG NO.2,,China,,
341844000,8880511,V4VZ2,AMATHUS,TARAVA,Saint Kitts Nevis,12/15/2016,10/10/2013
273813060,8880511,UBMB,TARAVA,,Russia,10/10/2013,
273459400,8880523,UAJV,TAMARA,,Russia,12/23/2016,
273815000,8881357,UAKG,VLAD ORION,,Russia,12/23/2016,
273431300,8883991,UAFB,PLANETA,,Russia,12/26/2016,
273844700,8884256,UHWT,KAPITAN STEKOLSCHIKOV,,Russia,1/2/2017,
412400790,8887985,,ZHOU YU LENG 7,,China,,
412400780,8887997,,ZHOU YU LENG 8,,China,,
528565426,8891302,T3HM2,FOR SHINE 1,FOR SHINE 1,Kiribati,10/27/2015,10/11/2013
529614000,8891302,T3HM2,FOR SHINE 1,,Kiribati,10/11/2013,
412320810,8891455,,JING LENG 3,,China,,
273897100,8897588,UATC,KAPITAN EFREMOV,,Russia,10/31/2016,
311062200,8903167,C6ZP5,KNUD REEFER,,Bahamas,12/31/2016,
273148000,8904068,UDGG,KHOROL,KHOROL,Panama,10/1/2013,
440057000,8904068,D7MH,KHOROL,KHOROL,Korea,12/11/2014,10/1/2013
440057000,8904068,D7MH,OCEAN JIN,KHOROL,Korea,12/20/2016,2/11/2015
352247000,8904070,3EPS8,FONG KUO NO.818,,Panama,12/26/2016,
356616000,8904941,3EQZ7,DHARA,SAMPAQUITA,Panama,12/28/2016,7/16/2015
356616000,8904941,3EQZ7,SAMPAQUITA,,Panama,7/16/2015,
529730000,8906808,3EPS9,KRASKINO,,Kiribati,10/17/2014,
273179300,8906808,UHBQ,KRASKINO,KRASKINO,Panama,7/4/2015,10/17/2014
440170000,8906808,D7BO,OCEAN CHO,KRASKINO,Korea,12/8/2016,7/4/2015
636012748,8906975,A8HP5,HONDURAS STAR,,Liberia,12/24/2016,
258818000,8907204,LAKU6,SILVER HORN,,Norway,12/29/2016,
311665000,8907876,C6TJ6,SWAN CHACABUCO,,Bahamas,12/28/2016,
636013649,8907888,A8OL4,HUMBOLDT BAY,,Liberia,12/27/2016,
351478000,8908076,3FNT8,ATMODA,,Panama,12/8/2016,
356609000,8908193,3EBI9,FRIO LAS PALMAS,HIMALAYA BAY,Panama,12/28/2016,10/11/2013
636013652,8908193,A8OL7,HIMALAYA BAY,,Liberia,10/11/2013,
352475000,8908234,HOAJ,DINOK,,Panama,12/28/2016,
312774000,8908739,HONN,HENG YU,,Belize,7/8/2015,
374014000,8908739,HONN,PONTOS,HENG YU,Panama,12/8/2016,7/8/2015
314012000,8909068,8PLL,HANSA LUBECK,,Barbados,12/30/2016,
636090217,8909070,ELUA3,HANSA STOCKHOLM,,Liberia,8/22/2013,
636016166,8909070,ELUA3,BALTIC SPRING,HANSA STOCKHOLM,Liberia,12/31/2016,8/22/2013
664090000,8909680,S7OJ,KAIHO MARU,KAIHO MARU,Seychelles,12/8/2016,10/14/2015
576397000,8909680,YJQE4,KAIHO MARU,,Vanuatu,10/14/2015,
636013148,8911073,A8KZ3,EVEREST BAY,,Liberia,12/30/2016,
636013153,8911085,A8KZ8,WHITNEY BAY,,Liberia,12/29/2016,
636008972,8911102,ELLM5,TRITON REEFER,,Liberia,12/24/2016,
373443000,8911487,3EXR3,FRIO ATLANTIC,SILVER STATT,Panama,8/26/2016,1/5/2012
259723000,8911487,3EXR3,SILVER STATT,,Norway,1/5/2012,
538002997,8911607,DSRO8,MONONOK,,Marshall Islands,8/26/2013,
440101000,8911607,DSRO8,MONONOK,MONONOK,Korea,12/28/2016,8/26/2013
356636000,8911619,3FMM7,NO.1 BARON,NO.1 BARON,Panama,12/21/2016,8/25/2013
352708000,8911619,HOBE,NO.1 BARON,,Panama,8/25/2013,
636009672,8912041,ELOV9,HORNCLIFF,,Liberia,12/30/2016,
309689000,8912120,C6WB3,GREEN COSTA RICA,,Bahamas,12/12/2016,
311289000,8912132,C6WH8,GREEN HONDURAS,,Bahamas,12/31/2016,
308868000,8912144,C6WA6,GREEN GUATEMALA,,Bahamas,1/2/2017,
311051000,8912156,C6WH7,GREEN CHILE,,Bahamas,12/29/2016,
370070000,8913992,3FCY3,FONG KUO NO.819,,Panama,12/8/2016,
372210000,8914221,3EYI5,SEA STAR V,SEA STAR,Panama,12/8/2016,8/21/2015
529382000,8914221,T3YU,SEA STAR,,Kiribati,8/21/2015,
636010125,8916229,ELRD7,ELBRUS,,Liberia,12/10/2016,
576689000,8916748,YJQK7,ZEFYROS,,Vanuatu,11/23/2016,
373451000,8916748,3FPL2,ZEFYROS,ZEFYROS,Panama,12/14/2016,11/23/2016
306796000,8917211,PJQV,BREIZ KLIPPER,,Curacao,12/21/2016,
518184000,8917534,E5U2135,LAPPONIAN REEFER,,Cook Islands,4/28/2015,
314006000,8917534,8PLJ,LAPPONIAN REEFER,LAPPONIAN REEFER,Barbados,10/3/2016,4/28/2015
311956000,8917546,C6UM2,CHILEAN REEFER,,Bahamas,1/2/2017,
311955000,8917560,C6UL9,SCANDINAIAN REEFER,,Bahamas,1/1/2017,
311957000,8917572,C6UM3,PERUVIAN REEFER,,Bahamas,1/2/2017,
311668000,8917584,C6TJ9,WELLINGTON STAR,,Bahamas,12/28/2016,
577314000,8919893,YJUM3,SEA TRADER,,Vanuatu,2/6/2015,
352199000,8919893,HODS,SEA TRADER,2/6/15,Panama,12/8/2016,
576274000,8920024,YJVZ8,NEW SATSUKI,,Vanuatu,4/10/2013,
548050500,8920024,DUG9197,ANIKA MICHELLE,NEW SATSUKI,Philippines,3/10/2016,4/10/2013
636013651,8920141,A8OL6,FUJI BAY,,Liberia,12/28/2016,
341891000,8920983,V4WE2,HARENGUS,ITALIAN REEFER,Saint Kitts Nevis,11/16/2016,10/11/2013
231792000,8920983,OZ2168,HARENGUS,HARENGUS,Faroe Islands,12/27/2016,11/16/2016
636014563,8920983,A8UV4,ITALIAN REEFER,,Liberia,10/11/2013,
311009700,8920995,C6HX5,GREEN CRYSTAL,,Bahamas,1/2/2017,
376553000,8921470,J8B4761,BALTIC PRIME,BALTIC PRIME,Saint Vincent Grenadines,1/1/2017,10/18/2012
636014076,8921470,A8RD8,BALTIC PRIME,,Liberia,10/18/2012,
309361000,8922242,C6VZ4,GREEN EXPLORER,,Bahamas,12/22/2016,
273136500,8930823,,SOSNOVETS,,Russia,,
273459100,8933837,UAGE,TURGOYAK,,Russia,5/8/2016,
366946960,8949317,WDB7715,JUNO,,USA,1/2/2017,
412203190,8956906,BALQ,LIAO CHANG LENG 5,,China,,
366744930,8958655,WDH4333,VIXEN,,USA,11/29/2016,
372886000,8976841,3EKZ8,CHANG SHUN 1,,Panama,12/20/2016,
667003355,8981341,9LY2552,ZHE ZHOU YU LENG 220,HAN XING 2,Sierra Leone,6/27/2016,8/21/2013
667003355,8981341,,HAN XING 2,,Sierra Leone,8/21/2013,
368633000,8990809,WAI6526,ROGUE,,USA,11/19/2016,
366888160,8992429,WDB3528,CAPE ST JOHN,,USA,8/29/2016,
367438060,8992780,WDF38060,DECO BAY,,USA,1/2/2016,
273378130,9000364,UBQM4,ANDROMEDA,NOVA BRETAGNE,Russia,12/7/2016,10/11/2013
229463000,9000364,9HA3352,NOVA BRETAGNE,NOVA BRETAGNE,Malta,10/11/2013,9/12/2013
308735000,9000364,C6JI7,NOVA BRETAGNE,,Bahamas,9/12/2013,
356386000,9000376,HOZZ,SUAH,,Panama,10/15/2016,
309165000,9001904,C6VY9,GREEN KLIPPER,,Bahamas,12/26/2016,
308228000,9001916,C6VY8,GREEN OCEAN,,Bahamas,12/26/2016,
412300004,9002180,BZZQ5,HAI FENG 896,,China,1/2/2017,
273354920,9003146,UBHH7,SIRIUS 1,,Russia,10/11/2013,
440241000,9003146,D7NH,SEIN VENUS,SIRIUS 1,Korea,12/8/2016,10/11/2013
576285000,9003158,YJQD7,HOUTA MARU,,Vanuatu,12/17/2016,
353451000,9003756,HPGU,NEW HAYATSUKI,,Panama,1/29/2013,
529567000,9003756,T3FN2,YUN RUN,,Kiribati,12/26/2016,
273352700,9004358,UIAE,CORONA REEFER,,Russia,12/23/2016,
636016700,9004401,D5HI8,GREEN GLACIER,GREEN GLACIER,Liberia,12/26/2016,10/11/2013
249665000,9004401,9HCJ5,GREEN GLACIER,,Malta,10/11/2013,
440222000,9004657,D7NB,LAKE CASTLE,ASAHI,Korea,12/18/2016,4/10/2013
353692000,9004657,3FJF4,ASAHI,,Panama,4/10/2013,
412203740,9005625,BAPI,TAI XIANG,,China,12/8/2016,
309193000,9007489,C6VB9,JORGEN REEFER,,Bahamas,12/25/2016,
370190000,9008639,H8MF,SEA PEARL 1,SEA PEARL,Panama,12/24/2016,8/27/2016
529646000,9008639,C6PX9,SEA PEARL,,Kiribati,2/15/2015,
577324000,9008639,YJUT4,SEA PEARL,SEA PEARL,Vanuatu,8/27/2016,2/15/2015
309841000,9008732,C6OU9,IVORY DAWN,,Bahamas,12/26/2016,
440014000,9009669,D7AL,LAKE NOVA,GREEN NOVA,Korea,12/28/2016,7/29/2015
308564000,9009669,PJNC,GREEN NOVA,,Bahamas,7/29/2015,
277327000,9009683,LYRT,LIBRA,,Lithuania,12/15/2016,
277254000,9009695,LYOY,LYRA,,Lithuania,8/31/2012,
374115000,9009695,3FKX4,SEA GLORY II,SEA GLORY,Panama,12/19/2016,9/20/2015
529523000,9009695,T3DS2,SEA GLORY,LYRA,Kiribati,9/20/2015,8/31/2012
366899490,9010486,WDB4538,EASTERN WIND,,USA,12/19/2016,
356567000,9010785,HPXZ,SHANGHAI REEFER,,Panama,12/28/2016,
258963000,9011038,D5IV4,GREEN CONCORDIA,GREEN CONCORDIA,Norway,5/13/2015,9/9/2013
636016998,9011038,D5IV3,GREEN CONCORDIA,GREEN CONCORDIA,Liberia,12/28/2016,5/13/2015
311043900,9011038,C6YS7,GREEN CONCORDIA,,Bahamas,9/9/2013,
354655000,9011301,3ERM8,REINA CRISTINA,,Panama,12/21/2016,
311029000,9011492,C6VY3,GREEN MAGNIFIC,,Bahamas,1/2/2017,
374045000,9011911,HP6825,HAI SHUN 158,HAI SHUN 158,Panama,11/26/2016,9/17/2015
514957000,9011911,XUCF6,HAI SUN 158,,Cambodia,5/10/2013,
529615000,9011911,HP6825,HAI SHUN 158,HAI SHUN 158,Kiribati,9/17/2015,5/10/2013
273442580,9012214,UFCR,ZARYA,,Russia,12/12/2016,
636091098,9014444,A8JI5,PRINCE OF SEAS,,Liberia,12/30/2016,
309075000,9014755,C6VR4,CHIQUITA BREMEN,,Bahamas,12/12/2016,
309716000,9014767,C6VR5,CHIQUITA ROSTOCK,,Bahamas,12/28/2016,
636009737,9014793,ELPE2,FRIO IONIAN,,Liberia,9/16/2016,
373755000,9014793,3FUZ,FRIO IONIAN,FRIO IONIAN,Panama,12/28/2016,9/16/2016
308090000,9015187,C6KD8,HELLAS REEFER,CHIQUITA DEUSTCHLAND,Bahamas,12/31/2016,10/9/2013
308090000,9015187,C6KD8,CHIQUITA DEUTSCHLAND,,Bahamas,10/9/2013,
308122000,9015199,C6KD6,NEDERLAND REEFER,,Bahamas,12/23/2016,
308121000,9015204,C6KD7,CHIQUITA BELGIE,,Bahamas,1/2/2017,
308124000,9015216,C6KD9,SCHWEIZ REEFER,CHIQUITA REEFER,Bahamas,12/29/2016,10/4/2013
308124000,9015216,C6KD10,CHIQUITA REEFER,,Bahamas,10/4/2013,
636016916,9015785,D5IJ6,GREEN TOLEDO,GREEN TOLEDO,Liberia,12/8/2016,3/13/2015
311042300,9015785,D5IJ6,GREEN TOLEDO,,Bahamas,3/13/2015,
355802000,9015838,3EFN9,NEW TAKATSUKI,,Panama,12/26/2016,
441377000,9015840,DSNK2,CHERRYSTAR,,Korea,12/23/2016,
355513000,9016076,3EAX9,YUNG DA FA 108,,Panama,12/8/2016,
636016279,9016662,A8JH8,BALTIC PILGRIM,BUZZARD BAY,Liberia,12/29/2016,10/11/2013
636091093,9016662,A8JH8,BUZZARD BAY,,Liberia,10/11/2013,
636091094,9016674,PJRP,HAWK BAY,,Curacao,12/11/2013,
636016281,9016674,A8JH9,BALTIC PERFORMER,HAWK BAY,Liberia,12/30/2016,12/11/2013
374610000,9016961,3FCO5,HAI FENG 678,HAI FENG 678,Panama,12/19/2016,8/1/2015
312273000,9016961,V3PI,HAI FENG 678,REF LIRA,Belize,8/1/2015,10/11/2013
354464000,9016961,3FKY4,REF LIRA,,Panama,10/11/2013,
354811000,9016973,3FAZ9,TAGANROGSKIY ZALIV,TAGANROGSKIY ZALIV,Panama,12/28/2016,10/26/2016
636014471,9016973,A8UC4,TAGANROGSKIY ZALIV,,Liberia,10/26/2016,
373039000,9016985,3FDH6,HAI FENG 688,KAPITAN LAZAREV,Panama,12/17/2016,7/6/2014
273557400,9016985,UEAV,KAPITAN LAZAREV,,Russia,7/6/2014,
636012750,9017264,3FNJ,URUGUAY STAR,,Liberia,2/5/2015,
356962000,9017264,3FNJ,URUGUAY REEFER,URUGUAY STAR,Panama,12/22/2016,2/5/2015
636012747,9017276,A8HP4,CHILE STAR,,Liberia,1/31/2015,
354240000,9017276,3FFY5,CRYSTAL REEFER,CHILE STAR,Panama,12/28/2016,1/31/2015
311127000,9019119,C6RO7,CAPE TOWN STAR,,Bahamas,12/28/2016,
311126000,9019121,C6RO6,DURBAN STAR,,Bahamas,12/25/2016,
308572000,9019640,C6PX2,RUNAWAY BAY,,Bahamas,12/28/2016,
636013146,9019652,A8KY9,ACONCAGUA BAY,,Liberia,12/28/2016,
441720000,9020780,DSQW2,LAKE WIN,,Korea,12/15/2016,
370866000,9021277,3FDT5,SEIWA,SEIWA,Panama,8/3/2015,4/1/2015
440046000,9021277,DSMA2,SEIWA,SEIWA,Korea,12/28/2016,8/3/2015
529304000,9021277,DSMA2,SEIWA,,Kiribati,4/1/2015,
412206210,9024724,,HAI XING 6,,China,,
308438000,9030137,C6KD5,ITALIA REEFER,,Bahamas,1/2/2017,
308126000,9030149,C6KD4,SWEDISH REEFER,,Bahamas,12/30/2016,
229563000,9035072,3ETB8,FRIO KYKNOS,CAPE BLOSSOM,Malta,10/11/2013,1/16/2013
636011904,9035072,A8CC2,CAPE BLOSSOM,,Liberia,1/16/2013,
356728000,9035072,3ETB8,DON REEFER,FRIO KYKNOS,Panama,12/16/2016,10/11/2013
356514000,9035084,3FHE6,HAI FENG 618,,Panama,12/8/2016,
412217989,9038153,BAWB,JIN LIAO YU 57,,China,1/2/2017,
308668000,9038335,C6LF9,AUTUMN WAVE,,Bahamas,12/28/2016,
636091092,9038488,A8JH7,EAGLE BAY,,Liberia,10/9/2013,
636016280,9038488,D5BR9,BALTIC PATRIOT,EAGLE BAY,Liberia,12/28/2016,10/9/2013
310118000,9038945,ZCBC2,DUNEDIN STAR,,Bermuda,10/8/2013,
636016249,9038945,D5FF5,DUNEDIN STAR,DUNEDIN STAR,Liberia,12/28/2016,10/8/2013
371156000,9041540,H9PE,SARONIC BREEZE,SARONIC BREEZE,Panama,12/29/2016,6/2/2014
229644000,9041540,H9PE,SARONIC BREEZE,SARONIC BREEZE,Malta,6/2/2014,11/19/2013
357670000,9041540,H9PE,SARONIC BREEZE,,Panama,11/19/2013,
311004000,9043055,C6VY2,GREEN MAVERIC,,Bahamas,12/26/2016,
312621000,9044358,V3KS3,ZHONG ZHOU 1,ZHONG ZHOU 1,Belize,6/12/2015,10/10/2013
667003248,9044358,9LY2445,ZHONG ZHOU 1,,Sierra Leone,10/10/2013,
529844000,9044358,T3TB2,ZHONG ZHOU 1,ZHONG ZHOU 1,Kiribati,12/8/2016,6/12/2015
636017561,9044358,D5LO2,ZHONG ZHOU 1,ZHONG ZHOU 1,Liberia,12/28/2016,12/8/2016
370115000,9045156,3EAJ9,NESTOS REEFER,SEA PHOENIX,Panama,12/28/2016,10/11/2013
636013524,9045156,3EAJ9,SEA PHOENIX,,Liberia,10/11/2013,
636092422,9045168,A8OE3,WATER PHOENIX,,Liberia,12/27/2016,
309281000,9045780,C6WH9,GREEN ITALIA,,Bahamas,12/15/2016,
309681000,9045792,C6WH6,GREEN BRAZIL,,Bahamas,12/27/2016,
636091103,9045924,A8JJ5,PACIFIC MERMAID,,Liberia,12/28/2016,
636091102,9045936,A8JJ3,ATLANTIC MERMAID,,Liberia,12/23/2016,
636091100,9045948,A8JI7,CORAL MERMAID,,Liberia,12/28/2016,
636091099,9045950,A8JI6,TASMAN MERMAID,,Liberia,12/22/2016,
311297000,9046502,C6FS6,DOLE AMERICA,,Bahamas,12/28/2016,
311296000,9046514,C6FS5,DOLE EUROPA,,Bahamas,12/24/2016,
311295000,9046526,C6FS4,DOLE ASIA,,Bahamas,12/28/2016,
311294000,9046538,C6FS3,DOLE AFRICA,,Bahamas,12/27/2016,
636092421,9047245,A8OE4,LAGOON PHOENIX,,Liberia,12/28/2016,
277380000,9047257,LYSG,CAPELLA,,Lithuania,12/27/2016,
277348000,9047257,LYSG,CAPELLA,,Lithuania,12/21/2016,
277397000,9047269,LYTA,CASSIOPEA,,Lithuania,12/15/2016,
636092423,9047271,A8OE5,BAY PHOENIX,,Liberia,12/28/2016,
576728000,9048603,YJQP3,LUNG YUIN,8/9/12,Vanuatu,12/14/2016,
353242000,9048603,3FGA8,LUNG YUIN,,Panama,8/9/2012,
441723000,9051789,D7AX,SEIN FRONTIER,CAPE BELLE,Korea,12/28/2016,6/1/2016
636011004,9051789,ELWE4,CAPE BELLE,,Liberia,6/1/2016,
306216000,9051791,PJRH,COLD STREAM,,Curacao,12/29/2016,
311907000,9053658,C6UG6,REGAL BAY,,Bahamas,12/11/2016,
636015529,9053957,A8OE6,PRINCE OF SOUND,,Liberia,11/7/2016,
273394490,9053957,UDSR,CRYSTAL ASIA,PRINCE OF SOUND,Russia,12/23/2016,11/7/2016
273356760,9054858,UBOI9,HATSUKARI,HATSUKARI,Russia,12/20/2016,7/19/2012
576626000,9054858,YJQL2,HATSUKARI,,Vanuatu,7/19/2012,
518369000,9055709,E5U2319,FEGULUS,,Cook Islands,10/10/2013,
314005000,9055709,8PTX,FEGULUS,10/10/13,Barbados,12/29/2016,
273350580,9057393,UBEJ2,ARKADIJA,ARKADIJA,Russia,12/25/2016,2/14/2012
352055000,9057393,3EHJ9,ARKADIJA,,Panama,2/14/2012,
308372000,9057537,C6LJ2,ANDALUCIA CARRIER,,Bahamas,12/29/2016,
308462000,9057549,C6LJ3,GRANADA CARRIER,,Bahamas,12/30/2016,
308511000,9059602,C6LU3,ALBEMARLE ISLAND,,Bahamas,12/28/2016,
308701000,9059614,C6QK,BARRINGTON ISLAND,,Bahamas,12/23/2016,
308705000,9059626,C6JT,CHARLES ISLAND,,Bahamas,12/30/2016,
308512000,9059640,C6LU4,HOOD ISLAND,,Bahamas,12/28/2016,
636091097,9061198,A8JI4,PRINCE OF TIDES,,Liberia,12/28/2016,
457747000,9061227,JVYX4,WAN LONG HAI,WAN LONG HAI,Mongolia,9/18/2013,3/15/2013
445018000,9061227,HMSK,NORTHERN LUCK,WAN LONG HAI,North Korea,1/1/2017,9/18/2013
413202530,9061227,BAKV,WAN LONG HAI,,China,3/15/2013,
355658000,9061899,3EFI6,GRACE II,,Panama,5/11/2016,
273381350,9061899,UARD,KAMCHATSKIY PROLIV,GRACE II,Russia,12/7/2016,5/11/2016
352256000,9061904,3FFV3,SASANQUA,,Panama,12/27/2016,
352610000,9063653,3FJE9,MARBELLA CARRIER,HAINAN BAOSHA 012,Panama,12/28/2016,3/30/2013
309478000,9063653,C6NP6,HAINAN BAOSHA 012,,Bahamas,3/30/2013,
370305000,9063665,3FJZ2,MURCIA CARRIER,HAINAN BAOSHA 011,Panama,12/28/2016,3/14/2013
309479000,9063665,C6NP7,HAINAN BAOSHA 011,,Bahamas,3/14/2013,
636091090,9064229,A8JH5,CARIBBEAN MERMAID,,Liberia,12/27/2016,
352775000,9064839,3FVQ3,MEXICAN BAY,,Liberia,10/11/2013,
229738000,9064839,9HA3565,MEXICAN BAY,MEXICAN BAY,Malta,12/20/2016,10/11/2013
529605000,9065534,T3HC2,XIN RUI,FONG KUO NO.807,Kiribati,12/8/2016,4/25/2013
667003336,9065534,9LY2533,FONG KUO NO.807,,Sierra Leone,4/25/2013,
636091096,9066485,A8JI3,PRINCE OF WAVES,,Liberia,12/28/2016,
636091091,9067128,A8JH6,FORTUNA BAY,,Liberia,12/21/2016,
636016278,9070137,A8JI2,BALTIC PIONEER,,Liberia,12/30/2016,
576419000,9071583,YJQE8,MEITA MARU,,Vanuatu,9/15/2015,
636017161,9071583,D5JO8,MEITA MARU,MEITA MARU,Liberia,12/24/2016,9/15/2015
352686000,9072501,3FUN3,RONDA CARRIER,,Panama,10/21/2016,
352686000,9072501,3FUN3,GLOBAL HARVEST,,Panama,2/6/2013,
636013523,9072824,A8NM7,MARINE PHOENIX,,Liberia,1/29/2015,
352351000,9072824,3EJD5,AVUNDA REEFER,MARINE PHOENIX,Panama,12/20/2016,1/29/2015
636015528,9073268,A8OE7,PRINCE OF STREAM,,Liberia,11/12/2016,
273395490,9073268,UDWU,CRYSTAL ANTARCTIDA,PRINCE OF STREAM,Russia,12/9/2016,11/12/2016
352349000,9073385,3FNR3,FRIO SHINANO,,Panama,12/21/2016,
306073000,9076246,PJHG,SIERRA MEDOC,,Curacao,2/18/2013,
229382000,9076246,9HA3287,SIERRA MEDOC,SIERRA MEDOC,Malta,10/9/2013,2/18/2013
548906000,9076246,DUGQ,DOLLY 898,SIERRA MEDOC,Philippines,12/8/2016,2/19/2015
636016687,9076246,3FRE3,SIERRA MEDOC,SIERRA MEDOC,Liberia,2/19/2015,10/9/2013
341759000,9076258,V4RV2,FRIO PETROPAVLOVSK,FRIO ANTARCTIC,Saint Kitts Nevis,12/26/2016,3/11/2013
352864000,9076258,3FZS3,FRIO ANTARCTIC,,Panama,3/11/2013,
210631000,9076260,5BWC3,FRIO FORWIN,FRIO AEGEAN,Cyprus,12/21/2016,5/15/2013
354666000,9076260,3FGY4,FRIO AEGEAN,,Panama,5/15/2013,
273379740,9076260,UCRZ,FRIO FORWIN,FRIO FORWIN,Russia,12/30/2016,12/21/2016
229428000,9076272,UFLQ,SIERRA MERLOT,,Malta,10/11/2013,
273332290,9076272,UFLQ,BUKHTA RUSSKAYA,SIERRA MERLOT,Russia,12/28/2016,10/11/2013
273817200,9076595,UDDF,EVGENIY ZOTOV,,Russia,1/2/2017,
352784000,9078282,3FVX3,FRIO ANTWERP,,Panama,12/27/2016,
308566000,9078452,C6LZ7,CORDOBA CARRIER,,Bahamas,12/28/2016,
636014596,9078476,A8VE9,TOLEDO CARRIER,,Liberia,12/27/2016,
636014597,9078488,A8VF2,SEVILLA CARRIER,,Liberia,12/25/2016,
273846410,9081526,UDBO,TESEY,,Russia,9/11/2012,
273812800,9081538,UHFU,URUP,,Russia,,
273335960,9081631,UGKH,FRIO AGATES,,Russia,12/28/2016,
273354740,9081643,UBYH9,SARONIC BREEZE,,Russia,12/28/2016,
273354770,9081655,UBXI2,CANARIAN REEFER,CANARIAN REEFER,Russia,12/28/2016,9/13/2012
353585000,9081655,3FCC7,CANARIAN REEFER,,Panama,9/13/2012,
273358980,9081667,UBMJ3,CAPTAIN MOKEEV,CAPTAIN MOKEEV,Russia,12/28/2016,2/17/2015
354408000,9081667,3FAO8,CAPTAIN MOKEEV,,Panama,2/17/2015,
353981000,9081679,3FVQ8,FRIO HELLENIC,,Panama,12/22/2016,
352966000,9082178,3FJQ3,FRIO LAS PALMAS,,Panama,9/16/2012,
273352570,9082178,UCMP,PYOTR ILICHYOV,FRIO LAS PALMAS,Russia,12/30/2016,9/16/2012
273310720,9082180,UHOU,GENNADY VODOLAZSKIY,,Russia,12/8/2016,
245317000,9085479,PDKK,COOL EXPRESO,,Netherlands,11/14/2014,
244790145,9085479,PDKK,COOL EXPRESO,COOL EXPRESO,Netherlands,12/14/2016,11/14/2014
431678000,9086758,JILE,TAISEI MARU 24,,Japan,12/21/2016,
374030000,9087908,H9NZ,SYOTA MARU,SOYTA MARU,Panama,12/8/2016,7/23/2015
529485000,9087908,T3CCR,SYOTA MARU,,Kiribati,7/23/2015,
538002899,9087910,D7PK,PHAROSTAR,,Marshall Islands,10/9/2013,
440113000,9087910,D7PK,PHAROSTAR,PHAROSTAR,Korea,12/8/2016,10/9/2013
412694950,9090888,BZ1UR,FU YUAN YU F86,,China,11/17/2016,
353901000,9097056,H90Q,HONG YING,,Panama,12/20/2016,
273563210,9100671,UBLI,OSTROV SHIKOTAN,,Russia,12/30/2016,
273561800,9101352,UGOL,SARGAN,,Russia,1/2/2017,
273311330,9101857,UELF,KOMBRIG MALCHENKO,,Russia,1/2/2017,
273812060,9101869,UFKE,TRIADA,,Russia,12/7/2016,
515175000,9101871,XUFB6,NADIZ,TAIS,Cambodia,12/27/2016,4/13/2012
273840420,9101871,UIWE,TAIS,,Russia,4/13/2012,
636017301,9105293,D5KG4,FUTAGAMI,FUTUGAMI,Liberia,12/22/2016,1/31/2016
576687000,9105293,YJQJ8,FUTAGAMI,,Vanuatu,1/31/2016,
354493000,9105358,3FSC4,MABAH,,Panama,12/21/2016,
441822000,9105360,DSRG3,KATAH,,Korea,12/8/2016,
356065000,9109263,H3OD,SURUGA 1,,Panama,12/23/2016,
354683000,9109287,HPLA,EITA MARU,,Panama,12/18/2016,
529623000,9109500,9LU2435,RETRIEVER,FINO,Kiribati,10/14/2016,5/15/2013
273397490,9109500,UBXG,RETRIEVER,RETRIEVER,Russia,12/22/2016,10/14/2016
354604000,9109500,3FTS4,FINO,,Panama,5/15/2013,
273421150,9116979,UDEN,SVYATOY VLADIMIR,,Russia,12/7/2016,
273421150,9116979,UDEN,SVYATOY VLADIMIR,,Russia,12/7/2016,
244820009,9120205,PCOZ,SIERRA LARA,SIERRA LARA,Netherlands,1/1/2017,10/11/2013
306871000,9120205,PJYP,SIERRA LARA,,Curacao,8/29/2013,
229575000,9120205,9HA3420,SIERRA LARA,SIERRA LARA,Malta,10/11/2013,8/29/2013
306872000,9120217,PJYS,SIERRA LOBA,,Curacao,1/2/2017,
273818000,9125920,UCBY,DIONA,,Russia,12/20/2016,
355966000,9126261,3FTG5,JOCHOH,,Panama,12/26/2016,
245409000,9127928,PGQI,PACIFIC,,Netherlands,6/5/2015,
636017004,9127928,D5IV7,SIERRA QUEEN,PACIFIC,Liberia,12/24/2016,6/5/2015
314010000,9128037,8PLI,CROWN EMMA,CROWN EMERALD,Barbados,12/28/2016,10/6/2013
563388000,9128037,9V7867,CROWN EMERALD,,Singapore,10/6/2013,
352785000,9128049,3FSY6,CROWN GARNET,,Panama,12/22/2016,
370032000,9128051,3FVE7,CROWN JADE,,Panama,12/28/2016,
351015000,9128063,3FEV7,CROWN OPAL,,Panama,12/25/2016,
576414000,9128764,YJQE5,TENHO MARU,TENHO MARU,Vanuatu,4/10/2016,12/20/2014
636017468,9128764,D5LC4,TENHO MARU,TENHO MARU,Liberia,12/20/2016,4/10/2016
576414009,9128764,YJQE5,TENHO MARU,,Vanuatu,12/20/2014,
577105000,9133305,YJTA9,RYOMA,RYOMA,Vanuatu,12/9/2016,8/9/2012
371727000,9133305,3ELZ5,RYOMA,RYOMA,Panama,1/2/2017,12/9/2016
354102000,9133305,H3IZ,RYOMA,,Panama,8/9/2012,
577106000,9133317,YJTB3,HARIMA 2,,Vanuatu,12/11/2016,
306303000,9135169,3FIC4,HOPE BAY,,Curacao,11/9/2015,
374198000,9135169,3FIC4,HAI FENG 718,HOPE BAY,Panama,12/29/2016,11/9/2015
245973000,9135822,PCPM,SIERRA LEYRE,SIERRA LEYRE,Netherlands,1/2/2017,6/26/2012
306873000,9135822,PCPM,SIERRA LEYRE,,Curacao,6/26/2012,
356889000,9136890,3FVD,ANGARA,,Panama,12/8/2016,
636017275,9140097,D5KD3,VICTORIA II,VICTORIA,Liberia,12/24/2016,12/11/2015
576420000,9140097,YJQE9,VICTORIA,,Vanuatu,12/11/2015,
627084000,9140102,9GRG,VOLTA VICTORY,VOLTA VICT,Ghana,1/1/2017,5/5/2015
627093246,9140102,9GRG,VOLTA VICT,,Ghana,5/5/2015,
374906000,9140281,HPEF,SHIN FUJI,SHIN FUJI,Panama,12/22/0106,4/9/2016
576276000,9140281,YJQA4,SHIN FUJI,,Vanuatu,4/9/2016,
212856000,9140968,P3MF8,ALMA,,Cyprus,12/26/2016,
212857000,9140970,P3MG8,BELBEK,,Cyprus,12/26/2016,
355199000,9142289,3FYM4,SALGIR,,Panama,12/20/2016,
576411000,9143099,YJQQ9,IVORY GIRL,,Vanuatu,12/30/2016,
309785000,9143740,C6OP3,DISCOVERY BAY,,Bahamas,12/29/2016,
636091013,9143752,A8IO9,EASTERN BAY,MONTESOL,Liberia,12/22/2016,10/5/2013
353185000,9145920,3FTS6,KURIKOMA,,Panama,12/8/2016,
255802850,9150470,CSMR,LAGOA,,Portugal,12/24/2016,
636013068,9150810,A8KJ7,CARIBBEAN STAR,,Liberia,12/27/2016,
636013073,9150822,A8KK4,COSTA RICAN STAR,,Liberia,12/28/2016,
355076000,9151113,3FWY6,PROCYON,,Panama,12/30/2016,
636091012,9152181,A8IO7,SOUTHERN BAY,,Liberia,12/28/2016,
306354000,9158537,PJKV,AGULHAS STREAM,,Curacao,12/29/2016,
351662000,9159103,3FUG7,CROWN RUBY,,Panama,1/1/2017,
351827000,9159115,3FYV7,CROWN SAPPHIRE,,Panama,12/25/2016,
273811510,9159763,UEVS,OSTROV KARAGINSKIY,,Russia,12/29/2016,
412401230,9160097,BKUI,MING FA,,China,12/23/2016,
538001908,9160724,V7FC9,LADY RACISCE,,Marshall Islands,12/31/2016,
538001906,9160736,V7FC7,LADY KORCULA,,Marshall Islands,12/14/2016,
529578000,9161613,T3FZ2,YUN RUN 3,,Kiribati,2/24/2016,
374723000,9161613,HOAZ,YUN RUN 3,YUN RUN 3,Panama,12/21/2016,2/24/2016
636017251,9163403,D5JZ8,SIERRA LAUREL,SIERRA LAUREL,Liberia,12/20/2016,11/2/2015
229705000,9163403,9HA3533,SIERRA LAUREL,SIERRA LAUREL,Malta,11/2/2015,1/31/2014
645358000,9163403,D5JZ8,SIERRA LAUREL,,Mauritius,1/26/2014,
440217000,9163439,D7MZ,BADARO,BADARO,Korea,12/23/2016,10/10/2013
577089000,9163439,D7MZ,BADARO,,Vanuatu,10/10/2013,
204708000,9164548,CSBK,FURNAS,,Azores,12/22/2016,
247601000,9164770,IBMI,CALA PALMA,,Italy,12/30/2016,
636091016,9167801,A8IP4,COMOROS STREAM,,Liberia,12/28/2016,
312413000,9168362,V3YX4,PU ZE,,Belize,12/22/2016,
538002960,9170963,V7NH7,AMAGI,,Marshall Islands,12/8/2016,
352656000,9172442,3FOZ8,NEW PROSPERITY,,Panama,7/11/2013,
529642000,9172442,T3JR2,MELTEMI,NEW PROSPERITY,Kiribati,6/6/2016,7/11/2013
577310000,9172442,YJUK3,KAIMON,MELTEMI,Vanuatu,12/8/2016,6/2/2016
636014241,9172478,A8SL4,COTE D IVOIRIAN STAR,,Liberia,12/30/2016,
636014240,9172480,A8SL3,COLOMBIAN STAR,,Liberia,12/29/2016,
356517000,9172698,3FLM8,ASIAN COSMOS,,Panama,12/20/2016,
353773000,9172703,3FTB8,ASIAN BRIER,,Panama,12/27/2016,
576395000,9172909,YJQE3,YU HSAING MARU,,Vanuatu,1/28/2015,
440283000,9172909,D8DK,SEIYU,YU HSAING MARU,Korea,11/28/2016,1/28/2015
636091006,9172947,A8IN9,TIMOR STREAM,,Liberia,12/24/2016,
246428000,9172959,PCIH,ROYAL KLIPPER,,Netherlands,12/27/2016,
355295000,9174701,H3LU,FARO,,Panama,12/19/2016,
341104000,9175274,UBJN2,FRIO VLADIVOSTOK,SARONIC BAY,Saint Kitts Nevis,3/27/2015,8/15/2013
273374170,9175274,UBJN2,FRIO VLADIVOSTOK,FRIO VLADIVOSTOK,Russia,12/29/2016,3/27/2015
356673000,9175274,H3PP,SARONIC BAY,,Panama,8/15/2013,
356986000,9175286,HPZK,DESIGNER KNYSH,,Panama,10/11/2013,
273330280,9175286,UEEJ,POLTAVA,DESIGNER KNYSH,Russia,12/23/2016,10/11/2013
636091007,9175901,9HA3898,ELSEBETH,,Liberia,6/26/2015,
256389000,9175901,9HA3898,ELSEBETH,ELSEBETH,Malta,12/25/2016,6/26/2015
357611000,9178654,3FOA9,PACIFIC VIOLET,,Panama,12/28/2016,
306845000,9179268,PJVM,PACIFIC REEFER,,Curacao,10/10/2013,
636016239,9179268,D5FE3,PACIFIC REEFER,PACIFIC REEFER,Liberia,1/1/2017,10/10/2013
548483000,9179397,DYAQ,HUMBOLDT REX,,Philippines,9/18/2012,
373962000,9179397,3FYV8,ARACENA CARRIER,HUMBOLDT REX,Panama,12/28/2016,9/18/2012
548541000,9179402,DYDC,SEASON TRADER,,Philippines,9/17/2012,
373246000,9179402,3FXS9,LUCENA CARRIER,SEASON TRADER,Panama,12/28/2016,9/17/2012
355694000,9181132,3FJV8,WILD COSMOS,,Panama,12/30/2016,
636015904,9181144,D5DK5,BALTIC HEATHER,,Liberia,12/28/2016,
636015811,9181156,D5CY5,BALTIC JASMINE,,Liberia,12/28/2016,
352408000,9181168,3FUT8,WILD LOTUS,,Panama,12/30/2016,
636091005,9181170,A8IN8,ESMERALDA,,Liberia,10/8/2013,
229737000,9181170,9HA3564,ESMERALDA,ESMERALDA,Malta,12/28/2016,10/8/2013
353306000,9184536,3FWG8,FRIO CHIKUMA,,Panama,12/27/2016,
357735000,9184548,3FSC9,FRIO MOGAMI,,Panama,12/22/2016,
357697000,9185334,3FQW9,PACIFIC MAGNOLIA,,Panama,12/30/2016,
576277000,9186936,YJQA5,SHIN IZU,,Vanuatu,12/23/2016,
636092400,9189873,D5BR7,POLARLIGHT,,Liberia,12/28/2016,
636092399,9189885,D5BR6,POLARSTREAM,,Liberia,12/25/2016,
311054900,9189897,C6ZG7,ATLANTIC ACANTHUS,,Bahamas,12/28/2016,
636015625,9189902,D5BX4,BALTIC HOLLYHOCK,ATLANTIC HOLLYHOCK,Liberia,12/28/2016,7/20/2012
357689000,9189902,3FQQ9,ATLANTIC HOLLYHOCK,,Panama,7/20/2012,
357041000,9191474,3FXS8,WILD PEONY,,Panama,12/23/2016,
538005038,9194476,V7AO7,ATLANTIC ERICA,ATLANTIC ERICA,Marshall Islands,1/2/2017,6/24/2013
357846000,9194476,3FUQ9,ATLANTIC ERICA,,Panama,6/24/2013,
636017359,9194892,D5KN7,SHOTA MARU,6/14/16,Liberia,12/20/2016,
576732000,9194892,YJQP4,SHOTA MARU,,Vanuatu,6/14/2016,
576507000,9194919,YJQH9,OCEANUS,,Vanuatu,10/10/2013,
440237000,9194919,D7NG,OCEANUS,OCEANUS,Korea,12/22/2016,10/10/2013
636091017,9194921,A8IP5,SANTA LUCIA,,Liberia,12/28/2016,
273384930,9196357,UAPA,VYSOTSK,FRIO AEGEAN 1,Russia,12/14/2016,1/8/2016
351747000,9196357,3FSS8,ASIAN ORCHID,,Panama,8/23/2013,
351747000,9196357,3FSS8,FRIO AEGEAN 1,ASIAN ORCHID,Panama,1/8/2016,8/23/2013
357676000,9196424,3FQG9,ASIAN ADONIS,,Panama,12/22/2016,
357322000,9197052,3FGA9,VEGA,,Panama,12/27/2016,
725000971,9201891,CA4049,FAEROY,FAEROY,Chile,12/31/2016,7/20/2012
259555000,9201891,LJPL,FAEROY,,Norway,7/20/2012,
636091015,9202857,A8IP3,EMERALD,,Liberia,10/11/2013,
229981000,9202857,9HA3770,EMERALD,EMERALD,Malta,12/29/2016,10/11/2013
636091014,9202869,A8IP2,ELVIRA,,Liberia,12/17/2016,
636091008,9204958,9HA3797,LOMBOK STRAIT,,Liberia,10/9/2013,
256045000,9204958,9HA3797,LOMBOK STRAIT,LOMBOK STRAIT,Malta,1/2/2017,10/9/2013
256064000,9204960,9HA3808,LUZON STRAIT,LUZON STRAIT,Malta,1/2/2017,10/10/2013
636091009,9204960,A8IO4,LUZON STRAIT,,Liberia,10/10/2013,
636013625,9206059,A80H2,SOUTHHAMPTON STAR,,Liberia,12/28/2016,
636013624,9206061,A8OG9,SOLENT STAR,,Liberia,12/21/2016,
441690000,9209245,DSQS6,SOHOH,,Korea,12/10/2016,
412202730,9211523,BAGO,TENG YUAN,,China,,
311091000,9213777,C6RL4,SANTA CATHARINA,,Bahamas,12/28/2016,
374048000,9220653,3FRF9,SHIN HO CHUN NO.101,SHIN HO CHUN NO.101,Panama,12/24/2016,7/17/2015
529089000,9220653,3FRF9,SHIN HO CHUN NO.101,,Kiribati,7/17/2015,
351336000,9227596,H3QQ,FRIO NAGATO,,Panama,12/28/2016,
357058000,9227601,3FWC9,NO.2 POHAH,,Panama,12/26/2016,
412203020,9232008,BANF,XIAN YU NO.1,,China,,
224124000,9238703,EBTL,SALICA FRIGO,,Spain,12/21/2016,
224124000,9238703,EBTL,SALICA FRIGO,,Spain,12/27/2016,
374446000,9241932,3EHZ8,HARU,HARU,Panama,12/16/2016,1/12/2016
577102000,9241932,3EHZ8,HARU,,Vanuatu,1/12/2016,
374140000,9262182,3FEQ5,SHIN HO CHUN NO.102,SHIN HO CHUN NO.102,Panama,12/14/2016,7/22/2015
529086000,9262182,3FEQ5,SHIN HO CHUN NO.102,,Kiribati,7/22/2015,
351238000,9263021,HO2419,ASTRAEA 102,,Panama,12/30/2016,
310493000,9267534,ZCDQ4,CALA PARADISO,,Bermuda,6/1/2013,
306083000,9267534,PJOT,MAGELLAN STRAIT,,Curacao,12/28/2016,
306084000,9267546,PJMP,MESSINA STRAIT,CALA PIRA,Curacao,12/30/2016,6/1/2013
310494000,9267546,ZCDQ5,CALA PIRA,,Bermuda,6/1/2013,
352894000,9278612,HPFK,TUNA QUEEN,,Panama,12/28/2016,
576270000,9293313,YJVY7,HIKARI 1,,Vanuatu,11/21/2015,
374244000,9293313,3EYH9,HIKARI 1,HIKARI 1,Panama,12/8/2016,11/21/2015
229359000,9309681,9HA3266,PALOMA REEFER,PALOMA REEFER,Malta,8/29/2014,4/10/2013
354034000,9309681,HO2430,PALOMA REEFER,,Panama,4/10/2013,
355636000,9309681,HP7151,PALOMA REEFER,PALOMA REEFER,Panama,1/2/2017,8/29/2014
576139000,9314612,YJQT4,TUNA PRINCESS,,Vanuatu,4/4/2015,
352241000,9314612,H3CN,TUNA PRINCESS,TUNA PRINCESS,Panama,12/26/2016,4/4/2015
566058000,9330056,9V9359,STAR FIRST,,Singapore,5/8/2015,
636016511,9330056,D5GN9,STAR FIRST,STAR FIRST,Liberia,1/2/2017,5/8/2015
308448000,9340922,C6WJ2,CLIPPER KATJA,,Bahamas,5/8/2013,
229475000,9340922,9HA3362,BONAIRE TRADER,CLIPPER KATJA,Malta,6/16/2014,5/8/2013
636092595,9340922,D5GP9,BONAIRE TRADER,BONAIRE TRADER,Liberia,1/2/2017,6/16/2014
566006000,9350989,9V9357,STAR BEST,,Singapore,12/31/2016,
357993000,9355032,3EML2,LADY ROSE,,Panama,1/2/2017,
357919000,9355044,3EOZ4,LADY ROSEMARY,,Panama,1/2/2017,
351698000,9412749,3FAF5,LADY ROSEBUD,,Panama,12/30/2016,
370095000,9412751,3FJA8,LADYROSE BAY,,Panama,12/28/2016,
566028000,9438482,9V9398,STAR SERVICE 1,,Singapore,12/28/2016,
566059000,9438494,9V9355,STAR QUALITY,,Singapore,12/31/2016,
566041000,9438509,9V9354,STAR STANDARD,,Singapore,12/31/2016,
566049000,9438511,9V9353,STAR TRUST,,Singapore,1/2/2017,
529608000,9441960,T3HF2,PING DA 7,HAN YI,Kiribati,11/22/2013,10/8/2013
529069000,9441960,T3KV,HAN YI,PING DA,Kiribati,10/8/2013,5/1/2013
667003229,9441960,9LY2426,PING DA,,Sierra Leone,5/1/2013,
352308000,9442237,3ECO,PRINCESA GUASIMARA,PRINCESA GUASIMARA,Panama,12/27/2016,10/11/2013
229360000,9442237,9HA3267,PRINCESA GUASIMARA,,Malta,10/11/2013,
576107000,9453418,YJQS6,LADY TUNA,,Vanuatu,8/12/2015,
374762000,9453418,3EQX2,LADY TUNA,LADY TUNA,Panama,12/28/2016,8/12/2015
636014655,9454759,A8VR5,BALTIC KLIPPER,,Liberia,12/25/2016,
245723000,9454761,PCIU,ATLANTIC KLIPPER,,Netherlands,12/28/2016,
577077000,9459591,YJRZ2,TAIHO MARU,,Vanuatu,2/8/2016,
636017396,9459591,D5KS2,TAIHO MARU,TAIHO MARU,Liberia,8/12/2016,2/8/2016
667006086,9500326,9LC2179,NIKOLAY USTINOV,,Sierra Leone,7/30/2016,
566341000,9517903,9V9352,STAR CARE,,Singapore,1/2/2017,
566090000,9517915,9V9351,STAR PRIDE,,Singapore,1/1/2017,
566042000,9517939,9V9350,STAR LEADER,,Singapore,12/31/2016,
259078000,9544671,LFEG,BJORG PAULINE,,Norway,1/2/2017,
354464000,9575369,3FNR5,KAKUYO 5,ZHONG HUI,Panama,12/24/2016,3/28/2015
372661000,9575369,_3FGK6,ZHONG HUI,,Panama,3/28/2015,
529607000,9586332,3FYT4,HAN XING,,Kiribati,9/30/2013,
374173000,9586332,3FYT4,HAN XING,HAN XING,Panama,12/7/2016,9/30/2013
259091000,9606211,3YWB,OYLACKS,,Norway,1/2/2017,
373837000,9611503,3FFS4,T PRIME,,Panama,8/13/2016,
538007082,9611503,V7OG5,T PRIME,T PRIME,Marshall Islands,1/2/2017,8/13/2016
636017162,9620384,D5JO9,GENTU MARU,10/27/15,Liberia,12/29/2016,
576328000,9620384,YJRE3,GENTU MARU,,Vanuatu,10/27/2015,
577122000,9666481,YJTD3,IBUKI,,Vanuatu,10/8/2013,
370599000,9666481,3ELC8,IBUKI,IBUKI,Panama,12/21/2016,10/8/2013
636017108,9666493,D5JI4,CHIKUMA,CHIKUMA,Liberia,12/21/2016,9/20/2015
577132000,9666493,D5JI4,CHIKUMA,,Vanuatu,9/20/2015,
563418000,9666508,9V6110,CHITOSE,,Singapore,12/28/2016,
529758000,9677595,T3PM2,QIAO TAI,QIAO TAI,Kiribati,6/11/2016,9/16/2014
325700000,9677595,J7CX2,HAI JI LI,HAI JI LI,Dominica,12/13/2016,7/14/2016
413447320,9677595,T3PM2,HAI JI LI,QIAO TAI,China,7/14/2016,6/11/2016
312413000,9677595,T3PM2,QIAO TAI,,Belize,9/16/2014,
577161000,9684067,YJTH9,HSAING FU,,Vanuatu,12/1/2016,
441418000,9684067,YJTH9,HSIANG FU,HSAING FU,Korea,12/20/2016,12/1/2016
351350000,9698343,3FVR4,NO.2 JOCHOH,,Panama,12/21/2016,
431263000,9746827,7JUZ,GOUTA MARU,,Japan,12/26/2016,